WIDTH=64;
DEPTH=4096;

ADDRESS_RADIX=HEX;
DATA_RADIX=HEX;

CONTENT BEGIN
        0000:              1400020602800006; 
        0001:              02810807028040c6; 
        0002:              02816805298000c7; 
        0003:              02bff06314380103; 
        0004:              5409b4005400d000; 
        0005:              0340000050000000; 
        0006:              0340000003400000; 
        0007:              0340000003400000; 
        0008:              2981306102bec063; 
        0009:              0281407629812076; 
        000a:              29bfc2c529bfd2c4; 
        000b:              29bfa2c729bfb2c6; 
        000c:              29bf82c929bf92c8; 
        000d:              29bf62cb29bf72ca; 
        000e:              29bf42cd29bf52cc; 
        000f:              29bf22cf29bf32ce; 
        0010:              29bf02d129bf12d0; 
        0011:              29bee2d329bef2d2; 
        0012:              540a840029bed2d4; 
        0013:              28bfc2c528bfd2c4; 
        0014:              28bfa2c728bfb2c6; 
        0015:              28bf82c928bf92c8; 
        0016:              28bf62cb28bf72ca; 
        0017:              28bf42cd28bf52cc; 
        0018:              28bf22cf28bf32ce; 
        0019:              28bf02d128bf12d0; 
        001a:              28bee2d328bef2d2; 
        001b:              0340000028bed2d4; 
        001c:              2881207628813061; 
        001d:              0648380002814063; 
        001e:              28b2218c1c00010c; 
        001f:              0280100c0400302c; 
        0020:              034000000400002c; 
        0021:              0340000003400000; 
        0022:              034000004c000020; 
        0023:              0340000003400000; 
        0024:              0340000003400000; 
        0025:              4c00002003400000; 
        0026:              2980306102bfc063; 
        0027:              0280407629802076; 
        0028:              02b720841c0000e4; 
        0029:              1c0000e454182800; 
        002a:              54181c0002b71084; 
        002b:              02b790841c0000e4; 
        002c:              1c0000e454181000; 
        002d:              5418040002b81084; 
        002e:              02b890841c0000e4; 
        002f:              1c0000e45417f800; 
        0030:              5417ec0002b91084; 
        0031:              02b600841c0000e4; 
        0032:              1c0000e45417e000; 
        0033:              5417d40002b96084; 
        0034:              02b5a0841c0000e4; 
        0035:              1c0000e45417c800; 
        0036:              5417bc0002b9b084; 
        0037:              02b540841c0000e4; 
        0038:              1c0000e45417b000; 
        0039:              5417a40002b51084; 
        003a:              2880306103400000; 
        003b:              0280406328802076; 
        003c:              02bf00634c000020; 
        003d:              2980e0762980f061; 
        003e:              29bf32c402810076; 
        003f:              1c0000ec29bf22c5; 
        0040:              2880019002b9618c; 
        0041:              2880218e2880118f; 
        0042:              29bf62d02880318d; 
        0043:              29bf82ce29bf72cf; 
        0044:              2a00418c29bf92cd; 
        0045:              29bfb2c0293fa2cc; 
        0046:              28bfb2cc5000a800; 
        0047:              001031ac28bf32cd; 
        0048:              0044918c2a00018c; 
        0049:              28bf12cc29bf12cc; 
        004a:              2a3f0ecc293f0ecc; 
        004b:              02bfc2cd03403d8c; 
        004c:              283fa18c001031ac; 
        004d:              28bfb2cc0015018e; 
        004e:              001031ac28bf32cd; 
        004f:              03403d8c2a00018c; 
        0050:              001031ac02bfc2cd; 
        0051:              00150186283fa18c; 
        0052:              1c0000e4001501c5; 
        0053:              5416d40002b6c084; 
        0054:              0280058c28bfb2cc; 
        0055:              5c00158003403d8c; 
        0056:              02b670841c0000e4; 
        0057:              500010005416b800; 
        0058:              02b640841c0000e4; 
        0059:              28bfb2cc5416a800; 
        005a:              29bfb2cc0280058c; 
        005b:              28bf22cc28bfb2cd; 
        005c:              0340000063ff55ac; 
        005d:              2880e0762880f061; 
        005e:              4c00002002810063; 
        005f:              2980b06102bf4063; 
        0060:              0280c0762980a076; 
        0061:              29bf62c529bf72c4; 
        0062:              5000340029bfb2c0; 
        0063:              0040898c28bfb2cc; 
        0064:              001031ac28bf72cd; 
        0065:              001501852880018c; 
        0066:              02b4e0841c0000e4; 
        0067:              28bfb2cc54163800; 
        0068:              29bfb2cc0280058c; 
        0069:              28bf62cc28bfb2cd; 
        006a:              28bf62cc63ffc9ac; 
        006b:              5800118003400d8c; 
        006c:              02b3b0841c0000e4; 
        006d:              0340000054160800; 
        006e:              2880a0762880b061; 
        006f:              4c0000200280c063; 
        0070:              2980b06102bf4063; 
        0071:              0280c0762980a076; 
        0072:              29bf62c529bf72c4; 
        0073:              28bf62cc29bfb2c0; 
        0074:              0015018428bf72c5; 
        0075:              29bfb2c454177c00; 
        0076:              5c000d8028bfb2cc; 
        0077:              500008000280040c; 
        0078:              001501840015000c; 
        0079:              2880a0762880b061; 
        007a:              4c0000200280c063; 
        007b:              2980707602bf8063; 
        007c:              29bfb2c402808076; 
        007d:              0280040c29bfa2c5; 
        007e:              2880707600150184; 
        007f:              4c00002002808063; 
        0080:              2980f06102bf0063; 
        0081:              028100762980e076; 
        0082:              29bf42c029bf32c4; 
        0083:              29bf62c029bf52c0; 
        0084:              29bf82c029bf72c0; 
        0085:              29bfa2c029bf92c0; 
        0086:              28bf32cc29bfb2c0; 
        0087:              28bf32cc0280558e; 
        0088:              293f2ecc2a04518c; 
        0089:              02807c0c2a3f2ecd; 
        008a:              02807c0c6c000d8d; 
        008b:              2a3f2ecc293f2ecc; 
        008c:              0015018602bf42cd; 
        008d:              001501a4001501c5; 
        008e:              02bf42cc5407e000; 
        008f:              5414f40000150184; 
        0090:              02af30841c0000e4; 
        0091:              034000005414e800; 
        0092:              2880e0762880f061; 
        0093:              4c00002002810063; 
        0094:              2980b06102bf4063; 
        0095:              0280c0762980a076; 
        0096:              28bf72cc29bf72c4; 
        0097:              28bfb2cc29bfb2cc; 
        0098:              034000004c000181; 
        0099:              2880a0762880b061; 
        009a:              4c0000200280c063; 
        009b:              2980707602bf8063; 
        009c:              0280040c02808076; 
        009d:              28bfb2cc29bfb2cc; 
        009e:              034000000404042c; 
        009f:              0280806328807076; 
        00a0:              02b100634c000020; 
        00a1:              298ee076298ef061; 
        00a2:              29bfa2c0028f0076; 
        00a3:              29b132c029bf92c0; 
        00a4:              29b152c029b142c0; 
        00a5:              29b172c029b162c0; 
        00a6:              29b192c029b182c0; 
        00a7:              29b1b2c029b1a2c0; 
        00a8:              29b1d2c029b1c2c0; 
        00a9:              29b1f2c029b1e2c0; 
        00aa:              0288000429bf82c0; 
        00ab:              0015008d54179400; 
        00ac:              28a0718c1c00010c; 
        00ad:              1c00010c2980018d; 
        00ae:              2880018c28a0418c; 
        00af:              1c0000e400150185; 
        00b0:              5413ec0002ac8084; 
        00b1:              289fd18c1c0000ec; 
        00b2:              5c0015802880018c; 
        00b3:              02acf0841c0000e4; 
        00b4:              5003b4005413d000; 
        00b5:              1c0000e400150005; 
        00b6:              5448880002beb084; 
        00b7:              28bf72cc29bf72c4; 
        00b8:              28bf72c558001980; 
        00b9:              02ac90841c0000e4; 
        00ba:              500384005413a000; 
        00bb:              02ace0e71c0000e7; 
        00bc:              029e90c61c0000e6; 
        00bd:              1c0000e400150005; 
        00be:              5448ec0002bdb084; 
        00bf:              5800198028bf72cc; 
        00c0:              1c0000e428bf72c5; 
        00c1:              5413640002ac4084; 
        00c2:              1c0000e450034800; 
        00c3:              5413540002ac6084; 
        00c4:              1c0000e502b662cc; 
        00c5:              0015018402ac60a5; 
        00c6:              28bf72cc5463c800; 
        00c7:              28bf72c558001980; 
        00c8:              02ac00841c0000e4; 
        00c9:              50030c0054132800; 
        00ca:              02b662cc02b202cd; 
        00cb:              00150184001501a5; 
        00cc:              29bf72c454647400; 
        00cd:              02bfe80c28bf72cd; 
        00ce:              28bf72cc580059ac; 
        00cf:              28bf72c558001980; 
        00d0:              02ab60841c0000e4; 
        00d1:              500040005412e800; 
        00d2:              0015018402b202cc; 
        00d3:              02b662cc57fd6bff; 
        00d4:              5467040000150184; 
        00d5:              28bf72cc29bf72c4; 
        00d6:              28bf72c55bffa180; 
        00d7:              02aae0841c0000e4; 
        00d8:              500008005412b000; 
        00d9:              1c0000e403400000; 
        00da:              54129c0002ab1084; 
        00db:              0280080602b6b2cc; 
        00dc:              02ab30a51c0000e5; 
        00dd:              5451280000150184; 
        00de:              28bf72cc29bf72c4; 
        00df:              28bf72c558002580; 
        00e0:              02aae0841c0000e4; 
        00e1:              1c0000e454126800; 
        00e2:              54125c0002ab2084; 
        00e3:              1400014c50024000; 
        00e4:              28bf62cc29bf62cc; 
        00e5:              5415c00000150184; 
        00e6:              28bfa2cc29bfa2c4; 
        00e7:              1c0000e45c002180; 
        00e8:              54122c0002a66084; 
        00e9:              0015018402b6b2cc; 
        00ea:              500204005452f800; 
        00eb:              29bf52cc1404000c; 
        00ec:              02b6b2cc29bfb2c0; 
        00ed:              1400002500150006; 
        00ee:              5456440000150184; 
        00ef:              02bf32cd29bf32c0; 
        00f0:              001501a702b6b2cc; 
        00f1:              28bfa2c528bf62c6; 
        00f2:              5452fc0000150184; 
        00f3:              28bf72cc29bf72c4; 
        00f4:              28bf72c558001980; 
        00f5:              02a900841c0000e4; 
        00f6:              50018c005411c000; 
        00f7:              5800558028bf32cc; 
        00f8:              28bf52cc28bfb2cd; 
        00f9:              0015018d001031ac; 
        00fa:              0015018628bf32cc; 
        00fb:              001501a428bfa2c5; 
        00fc:              28bf32cc54047000; 
        00fd:              001031ac28bfb2cd; 
        00fe:              1c0000e429bfb2cc; 
        00ff:              5411740002a84084; 
        0100:              28bf62cd28bf32cc; 
        0101:              53ff6fff6000118d; 
        0102:              5000080003400000; 
        0103:              1c0000e403400000; 
        0104:              54114c0002a7b084; 
        0105:              28bfb2c628b702cc; 
        0106:              1c0000e400150185; 
        0107:              5411340002a76084; 
        0108:              02a7b0841c0000e4; 
        0109:              02b6b2cc54112800; 
        010a:              0015000500150006; 
        010b:              54555c0000150184; 
        010c:              02b132cd02bf32ce; 
        010d:              001501c702b6b2cc; 
        010e:              001501a50280d006; 
        010f:              5452140000150184; 
        0110:              28bf72cc29bf72c4; 
        0111:              28bf72c558001980; 
        0112:              02a560841c0000e4; 
        0113:              5000a4005410d800; 
        0114:              0015018402b6b2cc; 
        0115:              29bf72c45451a000; 
        0116:              5800158028bf72cc; 
        0117:              1c0000e428bf72c5; 
        0118:              5410ac0002a66084; 
        0119:              29bf82cc28b192cc; 
        011a:              1c0000e428bf82c5; 
        011b:              5410940002a67084; 
        011c:              141fffec28b192cd; 
        011d:              0014b1ac03bffd8c; 
        011e:              0015006c29bf82cc; 
        011f:              28bf42c529bf42cc; 
        0120:              02a640841c0000e4; 
        0121:              1c0000e454106800; 
        0122:              54105c0002a67084; 
        0123:              28bf82c557fbc3ff; 
        0124:              02a670841c0000e4; 
        0125:              5406240054104800; 
        0126:              5406a80054062000; 
        0127:              57fb67ff28bf82c4; 
        0128:              5800118028bfa2cc; 
        0129:              5415b00028bfa2c4; 
        012a:              0340000003400000; 
        012b:              288ee076288ef061; 
        012c:              4c000020028f0063; 
        012d:              2980706102bf8063; 
        012e:              0280807629806076; 
        012f:              1c0000e429bfb2c0; 
        0130:              540fec0002a58084; 
        0131:              02a5a0841c0000e4; 
        0132:              5412dc00540fe000; 
        0133:              28bfb2cc29bfb2c4; 
        0134:              1c0000e45c002580; 
        0135:              540fc40002a62084; 
        0136:              02a630841c0000e4; 
        0137:              57fb4bff540fb800; 
        0138:              1c0000e450001400; 
        0139:              540fa40002a5c084; 
        013a:              5000000003400000; 
        013b:              2980706102bf8063; 
        013c:              0280807629806076; 
        013d:              29bfa2cc02bffc0c; 
        013e:              29bfb2c029bf92c0; 
        013f:              57f737ff29bf82c0; 
        0140:              54054c0054055000; 
        0141:              5405440054054800; 
        0142:              1c0000e454054000; 
        0143:              540f540002a57084; 
        0144:              02a5c0841c0000e4; 
        0145:              1404000c540f4800; 
        0146:              5000900029bfb2cc; 
        0147:              14001fec28bfb2cd; 
        0148:              0014b1ac03bffd8c; 
        0149:              28bfb2c55c001580; 
        014a:              02a590841c0000e4; 
        014b:              28bfb2cc540f1800; 
        014c:              2980018d28bfb2cd; 
        014d:              2880018c28bfb2cc; 
        014e:              28bf82cc29bf82cc; 
        014f:              5c0025ac28bfb2cd; 
        0150:              14001fec28bfb2cd; 
        0151:              0014b1ac03bffd8c; 
        0152:              02bfd8045c002980; 
        0153:              50001c0054039000; 
        0154:              28bfb2c528bf82c6; 
        0155:              02a450841c0000e4; 
        0156:              50006000540ec000; 
        0157:              0280118c28bfb2cc; 
        0158:              28bfb2cd29bfb2cc; 
        0159:              6bff6dac140c000c; 
        015a:              5403540002bff404; 
        015b:              02a410841c0000e4; 
        015c:              1c0000e4540e9000; 
        015d:              540e840002a47084; 
        015e:              02a4d0841c0000e4; 
        015f:              140bffec540e7800; 
        0160:              001501a303bfc18d; 
        0161:              2889e18c1c0000ec; 
        0162:              500000004c000180; 
        0163:              2980707602bf8063; 
        0164:              29bfb2c002808076; 
        0165:              0400140c29bfa2c0; 
        0166:              29bfb2cc03400000; 
        0167:              0380518c1400020c; 
        0168:              2980018d28bfb2cd; 
        0169:              0280200c28bfb2cd; 
        016a:              1400020c5c004dac; 
        016b:              14cadacd0380618c; 
        016c:              2980018d03a551ad; 
        016d:              0380718c1400020c; 
        016e:              0381c9ad14dc924d; 
        016f:              1400020c2980018d; 
        0170:              144242ed0380818c; 
        0171:              2980018d0389d1ad; 
        0172:              0401102c0280040c; 
        0173:              28bfb2cd5000a800; 
        0174:              5c0061ac0280400c; 
        0175:              0380618c1400020c; 
        0176:              038555ad14e8e4cd; 
        0177:              1400020c2980018d; 
        0178:              14e8dc8d0380718c; 
        0179:              2980018d03a481ad; 
        017a:              0380818c1400020c; 
        017b:              0385c9ad1440404d; 
        017c:              1400040c2980018d; 
        017d:              29bfa2cc2880018c; 
        017e:              0380918c1400020c; 
        017f:              2980018d28bfa2cd; 
        0180:              1400020c50004000; 
        0181:              14dcd6cd0380618c; 
        0182:              2980018d03b955ad; 
        0183:              0380718c1400020c; 
        0184:              039dbdad1440dced; 
        0185:              1400020c2980018d; 
        0186:              14e4e8cd0380818c; 
        0187:              2980018d03b925ad; 
        0188:              2880707603400000; 
        0189:              4c00002002808063; 
        018a:              2980b07602bf4063; 
        018b:              29bf72c40280c076; 
        018c:              29bf52c629bf62c5; 
        018d:              29bfa2cc28bf62cc; 
        018e:              29bf92cc28bf72cc; 
        018f:              5000300029bfb2c0; 
        0190:              28bfa2cd28bfb2cc; 
        0191:              28bfb2cc001031ad; 
        0192:              001031cc28bf92ce; 
        0193:              2900018d280001ad; 
        0194:              0280058c28bfb2cc; 
        0195:              28bfb2cc29bfb2cc; 
        0196:              6bffcd8d28bf52cd; 
        0197:              0015018428bf72cc; 
        0198:              0280c0632880b076; 
        0199:              02bf40634c000020; 
        019a:              0280c0762980b076; 
        019b:              001500ac29bf72c4; 
        019c:              293f6ecc29bf52c6; 
        019d:              5000240029bfb2c0; 
        019e:              28bf72cd28bfb2cc; 
        019f:              2a3f6ecd001031ac; 
        01a0:              28bfb2cc2900018d; 
        01a1:              29bfb2cc0280058c; 
        01a2:              28bf52cc28bfb2cd; 
        01a3:              0340000063ffd9ac; 
        01a4:              0280c0632880b076; 
        01a5:              02bf40634c000020; 
        01a6:              0280c0762980b076; 
        01a7:              29bf62c529bf72c4; 
        01a8:              28bf72cc29bf52c6; 
        01a9:              28bf62cc29bfa2cc; 
        01aa:              29bfb2c029bf92cc; 
        01ab:              28bfb2cc50006000; 
        01ac:              001031ac28bfa2cd; 
        01ad:              28bfb2cc2a00018d; 
        01ae:              001031cc28bf92ce; 
        01af:              580031ac2a00018c; 
        01b0:              28bfa2cd28bfb2cc; 
        01b1:              2a00018c001031ac; 
        01b2:              28bfb2cc0015018e; 
        01b3:              001031ac28bf92cd; 
        01b4:              001131cc2a00018c; 
        01b5:              28bfb2cc50002000; 
        01b6:              29bfb2cc0280058c; 
        01b7:              28bf52cc28bfb2cd; 
        01b8:              0015000c63ff9dac; 
        01b9:              2880b07600150184; 
        01ba:              4c0000200280c063; 
        01bb:              2980b07602bf4063; 
        01bc:              29bf72c40280c076; 
        01bd:              29bfb2cc28bf72cc; 
        01be:              28bfb2cc50001000; 
        01bf:              29bfb2cc0280058c; 
        01c0:              2800018c28bfb2cc; 
        01c1:              28bfb2cd5fffed80; 
        01c2:              001131ac28bf72cc; 
        01c3:              2880b07600150184; 
        01c4:              4c0000200280c063; 
        01c5:              2980707602bf8063; 
        01c6:              29bfb2c402808076; 
        01c7:              029cb18c1c0000cc; 
        01c8:              28bfb2cc2880018d; 
        01c9:              1c0000cc001031ad; 
        01ca:              2980018d029c618c; 
        01cb:              029c318c1c0000cc; 
        01cc:              640015802880018c; 
        01cd:              029bf18c1c0000cc; 
        01ce:              5000280029800180; 
        01cf:              029bb18c1c0000cc; 
        01d0:              0281400c2880018d; 
        01d1:              1c0000cc6400158d; 
        01d2:              0281400d029b618c; 
        01d3:              034000002980018d; 
        01d4:              0280806328807076; 
        01d5:              02bf80634c000020; 
        01d6:              2980607629807061; 
        01d7:              0280040c02808076; 
        01d8:              5000540029bfb2cc; 
        01d9:              02bffd8d28bfb2cc; 
        01da:              001c31ad0281400c; 
        01db:              029a418c1c0000cc; 
        01dc:              28bfb2cd001031ae; 
        01dd:              001c31ad0281400c; 
        01de:              0299e18c1c0000cc; 
        01df:              02814006001031ac; 
        01e0:              001501c400150185; 
        01e1:              28bfb2cc57fd4bff; 
        01e2:              29bfb2cc0280058c; 
        01e3:              0280600c28bfb2cd; 
        01e4:              0281400667ffa98d; 
        01e5:              1c0000cc02808005; 
        01e6:              029e01840298f18c; 
        01e7:              0340000057fd97ff; 
        01e8:              2880607628807061; 
        01e9:              4c00002002808063; 
        01ea:              2980707602bf8063; 
        01eb:              29bfb2c002808076; 
        01ec:              29bf92c029bfa2c0; 
        01ed:              29bfb2c029bf82c0; 
        01ee:              0340000050001400; 
        01ef:              0280058c28bfb2cc; 
        01f0:              28bfb2cd29bfb2cc; 
        01f1:              0388fd8c14001e8c; 
        01f2:              034000006fffe58d; 
        01f3:              0280806328807076; 
        01f4:              02bfc0634c000020; 
        01f5:              2980207629803061; 
        01f6:              029f400602804076; 
        01f7:              0296c0a51c0000c5; 
        01f8:              57fc8fff14000204; 
        01f9:              2880306103400000; 
        01fa:              0280406328802076; 
        01fb:              02bfc0634c000020; 
        01fc:              2980207629803061; 
        01fd:              1c0000cc02804076; 
        01fe:              298001800295d18c; 
        01ff:              0295b18c1c0000cc; 
        0200:              029f400629800180; 
        0201:              1c0000c400150005; 
        0202:              57fcbbff02957084; 
        0203:              0340000057ff8fff; 
        0204:              2880207628803061; 
        0205:              4c00002002804063; 
        0206:              2980b06102bf4063; 
        0207:              0280c0762980a076; 
        0208:              29bfb2c029bf72c4; 
        0209:              1c0000cc50005000; 
        020a:              2880018f0294518c; 
        020b:              2800018d28bf72cc; 
        020c:              029421ce1c0000ce; 
        020d:              001c31ec0281400c; 
        020e:              28bfb2cc001031ce; 
        020f:              2900018d001031cc; 
        0210:              0280058c28bfb2cc; 
        0211:              28bf72cc29bfb2cc; 
        0212:              29bf72cc0280058c; 
        0213:              2800018c28bf72cc; 
        0214:              28bfb2cd58001180; 
        0215:              67ffa18d02813c0c; 
        0216:              0292c18c1c0000cc; 
        0217:              0280058d2880018c; 
        0218:              0292818c1c0000cc; 
        0219:              1c0000cc2980018d; 
        021a:              2880018d0292518c; 
        021b:              6400198d0280600c; 
        021c:              1c0000cc57fdcfff; 
        021d:              0280600d0291f18c; 
        021e:              57feb3ff2980018d; 
        021f:              2880b06103400000; 
        0220:              0280c0632880a076; 
        0221:              02bf40634c000020; 
        0222:              0280c0762980b076; 
        0223:              293f7ecc0015008c; 
        0224:              1400040c29bfb2c0; 
        0225:              2880018c0380118c; 
        0226:              28bfb2cc29bfb2cc; 
        0227:              5c0009800340058c; 
        0228:              0340000053ffe7ff; 
        0229:              283f7ecd1400040c; 
        022a:              034000002980018d; 
        022b:              0280c0632880b076; 
        022c:              02bf80634c000020; 
        022d:              2980607629807061; 
        022e:              0015008c02808076; 
        022f:              283fbecd293fbecc; 
        0230:              5c0041ac0280280c; 
        0231:              57ff83ff02803404; 
        0232:              57ff7bff02802804; 
        0233:              028f218c1c0000cc; 
        0234:              0280058d2880018c; 
        0235:              028ee18c1c0000cc; 
        0236:              1c0000cc2980018d; 
        0237:              29800180028ec18c; 
        0238:              283fbecc5000a000; 
        0239:              57ff43ff00150184; 
        023a:              028e418c1c0000cc; 
        023b:              1c0000cc2880018f; 
        023c:              2880018c028e218c; 
        023d:              028e01ce1c0000ce; 
        023e:              001c35ed0281400d; 
        023f:              001031ac001035cd; 
        0240:              2900018d2a3fbecd; 
        0241:              028d718c1c0000cc; 
        0242:              0280058d2880018c; 
        0243:              028d318c1c0000cc; 
        0244:              1c0000cc2980018d; 
        0245:              2880018d028d018c; 
        0246:              64002d8d0281400c; 
        0247:              028ca18c1c0000cc; 
        0248:              0280058d2880018c; 
        0249:              028c618c1c0000cc; 
        024a:              1c0000cc2980018d; 
        024b:              29800180028c418c; 
        024c:              028c018c1c0000cc; 
        024d:              0280600c2880018d; 
        024e:              57fc3bff6400198d; 
        024f:              028ba18c1c0000cc; 
        0250:              2980018d0280600d; 
        0251:              0340000057fd1fff; 
        0252:              2880607628807061; 
        0253:              4c00002002808063; 
        0254:              2981307602bec063; 
        0255:              29bf32c402814076; 
        0256:              29bf12c629bf22c5; 
        0257:              29bfb2cc28bf22cc; 
        0258:              28bf32cc29bfa2c0; 
        0259:              28bfb2cc5c002580; 
        025a:              29bfb2cd0280058d; 
        025b:              2900018d0280c00d; 
        025c:              2900018028bfb2cc; 
        025d:              28bf12cd50017800; 
        025e:              5c00e5ac0280280c; 
        025f:              6400dd8028bf32cc; 
        0260:              29bfa2cc0280040c; 
        0261:              0011300c28bf32cc; 
        0262:              5000c40029bf32cc; 
        0263:              28bf12cd28bf32ce; 
        0264:              5c0009a00020b5cc; 
        0265:              29bf72cc002a0007; 
        0266:              0280240c28bf72cd; 
        0267:              28bf72cc6000418d; 
        0268:              28bf02cc29bf02cc; 
        0269:              2a3efecc293efecc; 
        026a:              29bf02cc0280c18c; 
        026b:              293efecc28bf02cc; 
        026c:              29bf02cc2a3efecc; 
        026d:              293efecc28bf02cc; 
        026e:              50003c00283efecd; 
        026f:              29bf02cc28bf72cc; 
        0270:              293efecc28bf02cc; 
        0271:              02815d8c2a3efecc; 
        0272:              28bf02cc29bf02cc; 
        0273:              2a3efecc293efecc; 
        0274:              28bf02cc29bf02cc; 
        0275:              283efecd293efecc; 
        0276:              0280058e28bfb2cc; 
        0277:              2900018d29bfb2ce; 
        0278:              28bf12cd28bf32ce; 
        0279:              5c0009a0002035cc; 
        027a:              29bf32cc002a0007; 
        027b:              63ff3c0c28bf32cc; 
        027c:              5800198028bfa2cc; 
        027d:              0280058d28bfb2cc; 
        027e:              0280b40d29bfb2cd; 
        027f:              28bfb2cc2900018d; 
        0280:              28bf22cc29000180; 
        0281:              28bfb2cc29bf92cc; 
        0282:              29bf82cc02bffd8c; 
        0283:              28bf92cc50003c00; 
        0284:              293f6ecc2a00018c; 
        0285:              0280058d28bf92cc; 
        0286:              28bf82cd29bf92cd; 
        0287:              2900018d280001ad; 
        0288:              02bffd8d28bf82cc; 
        0289:              2a3f6ecd29bf82cd; 
        028a:              28bf92cd2900018d; 
        028b:              6bffc1ac28bf82cc; 
        028c:              0281406328813076; 
        028d:              02bec0634c000020; 
        028e:              0281407629813076; 
        028f:              29bf22c529bf32c4; 
        0290:              28bf22cc29bf12c6; 
        0291:              28bf32cc29bfb2cc; 
        0292:              28bfb2cc5c016980; 
        0293:              29bfb2cd0280058d; 
        0294:              2900018d0280c00d; 
        0295:              2900018028bfb2cc; 
        0296:              28bf32cc5001b400; 
        0297:              29bf82cc03403d8c; 
        0298:              5800998028bf12cc; 
        0299:              0280240c28bf82cd; 
        029a:              28bf82cc6000418d; 
        029b:              28bf02cc29bf02cc; 
        029c:              2a3efecc293efecc; 
        029d:              29bf02cc0280c18c; 
        029e:              293efecc28bf02cc; 
        029f:              29bf02cc2a3efecc; 
        02a0:              293efecc28bf02cc; 
        02a1:              50003c00283efecd; 
        02a2:              29bf02cc28bf82cc; 
        02a3:              293efecc28bf02cc; 
        02a4:              0280dd8c2a3efecc; 
        02a5:              28bf02cc29bf02cc; 
        02a6:              2a3efecc293efecc; 
        02a7:              28bf02cc29bf02cc; 
        02a8:              283efecd293efecc; 
        02a9:              0280058e28bfb2cc; 
        02aa:              2900018d29bfb2ce; 
        02ab:              28bf82cd50009400; 
        02ac:              6000418d0280240c; 
        02ad:              29bf02cc28bf82cc; 
        02ae:              293efecc28bf02cc; 
        02af:              0280c18c2a3efecc; 
        02b0:              28bf02cc29bf02cc; 
        02b1:              2a3efecc293efecc; 
        02b2:              28bf02cc29bf02cc; 
        02b3:              283efecd293efecc; 
        02b4:              28bf82cc50003c00; 
        02b5:              28bf02cc29bf02cc; 
        02b6:              2a3efecc293efecc; 
        02b7:              29bf02cc02815d8c; 
        02b8:              293efecc28bf02cc; 
        02b9:              29bf02cc2a3efecc; 
        02ba:              293efecc28bf02cc; 
        02bb:              28bfb2cc283efecd; 
        02bc:              29bfb2ce0280058e; 
        02bd:              28bf32cc2900018d; 
        02be:              29bf32cc0044918c; 
        02bf:              5ffeb98028bf32cc; 
        02c0:              2900018028bfb2cc; 
        02c1:              29bfa2cc28bf22cc; 
        02c2:              02bffd8c28bfb2cc; 
        02c3:              50003c0029bf92cc; 
        02c4:              2a00018c28bfa2cc; 
        02c5:              28bfa2cc293f7ecc; 
        02c6:              29bfa2cd0280058d; 
        02c7:              280001ad28bf92cd; 
        02c8:              28bf92cc2900018d; 
        02c9:              29bf92cd02bffd8d; 
        02ca:              2900018d2a3f7ecd; 
        02cb:              28bf92cc28bfa2cd; 
        02cc:              288130766bffc1ac; 
        02cd:              4c00002002814063; 
        02ce:              2981b06102be4063; 
        02cf:              0281c0762981a076; 
        02d0:              29be62c529be72c4; 
        02d1:              28be72cc5002c800; 
        02d2:              0280940c2800018d; 
        02d3:              28be72cc580021ac; 
        02d4:              29be72cd0280058d; 
        02d5:              001501842800018c; 
        02d6:              50029c0057fab7ff; 
        02d7:              0280058c28be72cc; 
        02d8:              28be72cc29be72cc; 
        02d9:              0281900d2800018c; 
        02da:              0281900d5800598d; 
        02db:              0281600d600021ac; 
        02dc:              02818c0d5800b18d; 
        02dd:              0280940d5801998d; 
        02de:              500234005802218d; 
        02df:              5801b58d0281cc0d; 
        02e0:              600011ac0281cc0d; 
        02e1:              58001d8d0281a40d; 
        02e2:              0281d40d50021800; 
        02e3:              0281e00d5800fd8d; 
        02e4:              500204005800718d; 
        02e5:              0280118d28be62cc; 
        02e6:              2880018c29be62cd; 
        02e7:              02beb2cc29bf72cc; 
        02e8:              0015018502802806; 
        02e9:              57fb57ff28bf72c4; 
        02ea:              29bfb2cc02beb2cc; 
        02eb:              28bfb2cc50001c00; 
        02ec:              29bfb2cd0280058d; 
        02ed:              001501842800018c; 
        02ee:              28bfb2cc57f9f7ff; 
        02ef:              5fffe1802800018c; 
        02f0:              0280058c28be72cc; 
        02f1:              5001c40029be72cc; 
        02f2:              0280118d28be62cc; 
        02f3:              2880018c29be62cd; 
        02f4:              28be72cc29bf62cc; 
        02f5:              03c1618c2800018c; 
        02f6:              293e5ecc0240058c; 
        02f7:              29bf52cc2a3e5ecc; 
        02f8:              28bf52c602beb2cc; 
        02f9:              28bf62c400150185; 
        02fa:              02beb2cc57fc9fff; 
        02fb:              50001c0029bfa2cc; 
        02fc:              0280058d28bfa2cc; 
        02fd:              2800018c29bfa2cd; 
        02fe:              57f973ff00150184; 
        02ff:              2800018c28bfa2cc; 
        0300:              28be72cc5fffe180; 
        0301:              29be72cc0280058c; 
        0302:              28be62cc50014000; 
        0303:              29be62cd0280118d; 
        0304:              29bf42cc2880018c; 
        0305:              02beb2cd28bf42cc; 
        0306:              001501a502802806; 
        0307:              57fa67ff00150184; 
        0308:              29bf92cc02beb2cc; 
        0309:              28bf92cc50001c00; 
        030a:              29bf92cd0280058d; 
        030b:              001501842800018c; 
        030c:              28bf92cc57f907ff; 
        030d:              5fffe1802800018c; 
        030e:              0280058c28be72cc; 
        030f:              5000d40029be72cc; 
        0310:              0280118d28be62cc; 
        0311:              2880018c29be62cd; 
        0312:              283f3ecc293f3ecc; 
        0313:              57f8cbff00150184; 
        0314:              0280058c28be72cc; 
        0315:              5000a40029be72cc; 
        0316:              0280118d28be62cc; 
        0317:              2880018c29be62cd; 
        0318:              28bf82cc29bf82cc; 
        0319:              1c0000cc5c002d80; 
        031a:              29bf82cc02ade18c; 
        031b:              28bf82cc50001c00; 
        031c:              29bf82cd0280058d; 
        031d:              001501842800018c; 
        031e:              28bf82cc57f877ff; 
        031f:              5fffe1802800018c; 
        0320:              0280058c28be72cc; 
        0321:              5000440029be72cc; 
        0322:              57f853ff02809404; 
        0323:              0280058c28be72cc; 
        0324:              50002c0029be72cc; 
        0325:              57f83bff02809404; 
        0326:              2800018c28be72cc; 
        0327:              57f82bff00150184; 
        0328:              0280058c28be72cc; 
        0329:              0340000029be72cc; 
        032a:              2800018c28be72cc; 
        032b:              034000005ffd3580; 
        032c:              2881a0762881b061; 
        032d:              4c0000200281c063; 
        032e:              2980b06102bec063; 
        032f:              0280c0762980a076; 
        0330:              298012c529bf72c4; 
        0331:              298032c7298022c6; 
        0332:              298052c9298042c8; 
        0333:              298072cb298062ca; 
        0334:              02bf918c028082cc; 
        0335:              28bfb2cc29bfb2cc; 
        0336:              28bf72c400150185; 
        0337:              0015000c57fcbbff; 
        0338:              2880b06100150184; 
        0339:              028140632880a076; 
        033a:              02bf40634c000020; 
        033b:              2980a0762980b061; 
        033c:              29bf72c40280c076; 
        033d:              1400030c29bfa2c0; 
        033e:              29bfb2cc039a818c; 
        033f:              0384118d1400040c; 
        0340:              0048fd8e28bf72cc; 
        0341:              001031cc0347fdce; 
        0342:              298001ac0048a58c; 
        0343:              02bffd8c28bfb2cc; 
        0344:              28bfb2cc29bfb2cc; 
        0345:              1c0000c45c001980; 
        0346:              57ff3fff02a88084; 
        0347:              50004c0002bffc0c; 
        0348:              0384018c1400040c; 
        0349:              29bfa2cc2880018c; 
        034a:              0340098c28bfa2cc; 
        034b:              1400040c5fffc180; 
        034c:              28bf72cf0384218c; 
        034d:              0020b9ed0288000e; 
        034e:              002a00075c0009c0; 
        034f:              1400040c2980018d; 
        0350:              2880018c0384318c; 
        0351:              2880b06100150184; 
        0352:              0280c0632880a076; 
        0353:              02bf80634c000020; 
        0354:              0280807629807076; 
        0355:              297fbacc0015008c; 
        0356:              0040a18c2a7fbacc; 
        0357:              28bfa2cc29bfa2cc; 
        0358:              287fb2cd297fb2cc; 
        0359:              0044a18c2a7fbacc; 
        035a:              28bfa2cc29bfa2cc; 
        035b:              2a7fb2cc297fb2cc; 
        035c:              28bfa2cc29bfa2cc; 
        035d:              287fb2cc297fb2cc; 
        035e:              29bfa2cc001531ac; 
        035f:              297fb2cc28bfa2cc; 
        0360:              29bfa2cc287fb2cc; 
        0361:              297fb2cc28bfa2cc; 
        0362:              001501842a7fb2cc; 
        0363:              0280806328807076; 
        0364:              02bf00634c000020; 
        0365:              2980e0762980f061; 
        0366:              29bf32c402810076; 
        0367:              29bf82c029bf22c5; 
        0368:              028fa00c29bfb2c0; 
        0369:              1400030c29bfa2cc; 
        036a:              29bf92cc039a818c; 
        036b:              1400040c29bf72c0; 
        036c:              28bf32cd0384118c; 
        036d:              500018002980018d; 
        036e:              02bffd8c28bfa2cc; 
        036f:              28bfa2cc29bfa2cc; 
        0370:              1400040c58001d80; 
        0371:              2880018c0384018c; 
        0372:              5bffdd800340098c; 
        0373:              0340000050000800; 
        0374:              0384018c1400040c; 
        0375:              29bf82cc2880018c; 
        0376:              02bffd8c28bf92cc; 
        0377:              28bf92cc29bf92cc; 
        0378:              02bffc0c5c000d80; 
        0379:              28bf82cc50009400; 
        037a:              5fffcd800340098c; 
        037b:              5000700029bfb2c0; 
        037c:              0384218c1400040c; 
        037d:              2980018d28bfb2cd; 
        037e:              0384318c1400040c; 
        037f:              29bf72cc2880018c; 
        0380:              29bf12cc28bf72cc; 
        0381:              297f0acc28bf12cc; 
        0382:              001501842a7f0acc; 
        0383:              0015008c57fe87ff; 
        0384:              28bfb2cc29bf12cc; 
        0385:              001031ac28bf22cd; 
        0386:              297f0acd28bf12cd; 
        0387:              2940018d287f0acd; 
        0388:              0280098c28bfb2cc; 
        0389:              28bfb2cd29bfb2cc; 
        038a:              67ff8d8d0287fc0c; 
        038b:              001501840015000c; 
        038c:              2880e0762880f061; 
        038d:              4c00002002810063; 
        038e:              2980706102bf8063; 
        038f:              0280807629806076; 
        0390:              0280280c29bfa2c0; 
        0391:              29bf92c029bfb2cc; 
        0392:              0384018c1400040c; 
        0393:              29bfa2cc2880018c; 
        0394:              0340058c28bfa2cc; 
        0395:              0015000c58000d80; 
        0396:              28bfb2cc50002800; 
        0397:              29bfb2cc02bffd8c; 
        0398:              5c000d8028bfb2cc; 
        0399:              50000c0002bffc0c; 
        039a:              53ffbfff57f283ff; 
        039b:              2880706100150184; 
        039c:              0280806328806076; 
        039d:              02bf40634c000020; 
        039e:              2980a0762980b061; 
        039f:              29bf72c40280c076; 
        03a0:              02801d8c28bf72cc; 
        03a1:              0280058c00448d8c; 
        03a2:              1c0000cc29bf92cc; 
        03a3:              2880018c0280918c; 
        03a4:              28bfa2cc29bfa2cc; 
        03a5:              1c0000cc5c004580; 
        03a6:              29bfa2cc028ac18c; 
        03a7:              0280018c1c0000cc; 
        03a8:              2980018d28bfa2cd; 
        03a9:              02bfc18c1c0000cc; 
        03aa:              1c0000cc2880018d; 
        03ab:              2980018d028a218c; 
        03ac:              0289f18c1c0000cc; 
        03ad:              28bfa2cc29801180; 
        03ae:              29bfb2cc2880018c; 
        03af:              2880118c28bfb2cc; 
        03b0:              6800818d28bf92cd; 
        03b1:              2880118c28bfb2cc; 
        03b2:              5c0019ac28bf92cd; 
        03b3:              2880018d28bfb2cc; 
        03b4:              2980018d28bfa2cc; 
        03b5:              28bfb2cc50004000; 
        03b6:              28bf92cc2880118d; 
        03b7:              28bfb2cc001131ad; 
        03b8:              28bfb2cc2980118d; 
        03b9:              00408d8c2880118c; 
        03ba:              001031ac28bfb2cd; 
        03bb:              28bfb2cc29bfb2cc; 
        03bc:              2980118d28bf92cd; 
        03bd:              02bd418c1c0000cc; 
        03be:              2980018d28bfa2cd; 
        03bf:              0280218c28bfb2cc; 
        03c0:              1c0000cc50004c00; 
        03c1:              2880018c02bcd18c; 
        03c2:              5c0021ac28bfb2cd; 
        03c3:              5400440028bf92c4; 
        03c4:              28bfb2cc29bfb2c4; 
        03c5:              0015000c5c000d80; 
        03c6:              28bfb2cc50001c00; 
        03c7:              28bfb2cc29bfa2cc; 
        03c8:              29bfb2cc2880018c; 
        03c9:              0015018453ff33ff; 
        03ca:              2880a0762880b061; 
        03cb:              4c0000200280c063; 
        03cc:              2980b06102bf4063; 
        03cd:              0280c0762980a076; 
        03ce:              28bf72cd29bf72c4; 
        03cf:              6c000dac1400080c; 
        03d0:              29bf72cc1400080c; 
        03d1:              02bad18c1c0000cc; 
        03d2:              5c0051802880018c; 
        03d3:              29bfb2cc140b800c; 
        03d4:              02ba718c1c0000cc; 
        03d5:              2980018d0280040d; 
        03d6:              29bfa2cc28bfb2cc; 
        03d7:              28bf72cd28bfa2cc; 
        03d8:              28bfa2cc2980118d; 
        03d9:              001501840280218c; 
        03da:              1c0000cc54002c00; 
        03db:              2880018c02b9918c; 
        03dc:              0015000c50000800; 
        03dd:              2880b06100150184; 
        03de:              0280c0632880a076; 
        03df:              02bf40634c000020; 
        03e0:              0280c0762980b076; 
        03e1:              28bf72cc29bf72c4; 
        03e2:              29bfa2cc02bfe18c; 
        03e3:              02b8818c1c0000cc; 
        03e4:              29bfb2cc2880018c; 
        03e5:              28bfb2cc50003c00; 
        03e6:              28bfb2cd2880018c; 
        03e7:              28bfa2cd680021ac; 
        03e8:              68003d8d28bfb2cc; 
        03e9:              2880018c28bfb2cc; 
        03ea:              68002dac28bfa2cd; 
        03eb:              2880018c28bfb2cc; 
        03ec:              28bfa2cd29bfb2cc; 
        03ed:              6fffc18d28bfb2cc; 
        03ee:              2880018c28bfb2cc; 
        03ef:              6fffb1ac28bfa2cd; 
        03f0:              2880118c28bfa2cc; 
        03f1:              28bfa2cd00408d8c; 
        03f2:              28bfb2cc001031ad; 
        03f3:              5c003dac2880018c; 
        03f4:              2880118d28bfa2cc; 
        03f5:              2880018c28bfb2cc; 
        03f6:              001031ad2880118c; 
        03f7:              2980118d28bfa2cc; 
        03f8:              2880018c28bfb2cc; 
        03f9:              28bfa2cc2880018d; 
        03fa:              500014002980018d; 
        03fb:              2880018d28bfb2cc; 
        03fc:              2980018d28bfa2cc; 
        03fd:              2880118c28bfb2cc; 
        03fe:              28bfb2cd00408d8c; 
        03ff:              28bfa2cd001031ac; 
        0400:              28bfb2cc5c0035ac; 
        0401:              28bfa2cc2880118d; 
        0402:              001031ad2880118c; 
        0403:              2980118d28bfb2cc; 
        0404:              2880018d28bfa2cc; 
        0405:              2980018d28bfb2cc; 
        0406:              28bfb2cc50001000; 
        0407:              2980018d28bfa2cd; 
        0408:              02b3e18c1c0000cc; 
        0409:              2980018d28bfb2cd; 
        040a:              2880b07603400000; 
        040b:              4c0000200280c063; 
        040c:              2980707602bf8063; 
        040d:              0015008c02808076; 
        040e:              283fbecd293fbecc; 
        040f:              6400318d0281800c; 
        0410:              0281e80c283fbecd; 
        0411:              2a3fbecd6000258d; 
        0412:              0014b1ac02bf7c0c; 
        0413:              28bfa2cc29bfa2cc; 
        0414:              283fbacc293fbacc; 
        0415:              283fbecc50000800; 
        0416:              2880707600150184; 
        0417:              4c00002002808063; 
        0418:              2980b07602bf4063; 
        0419:              29bf72c40280c076; 
        041a:              5000100029bfb2c0; 
        041b:              0280058c28bfb2cc; 
        041c:              28bfb2cc29bfb2cc; 
        041d:              001031ac28bf72cd; 
        041e:              58001d802800018c; 
        041f:              28bf72cd28bfb2cc; 
        0420:              2800018d001031ac; 
        0421:              5fffcdac0280bc0c; 
        0422:              0015018428bfb2cc; 
        0423:              0280c0632880b076; 
        0424:              02bf40634c000020; 
        0425:              2980a0762980b061; 
        0426:              29bf72c40280c076; 
        0427:              57ff87ff28bf72c4; 
        0428:              28bfb2cc29bfb2c4; 
        0429:              0015000c5c000d80; 
        042a:              28bfb2cc50004c00; 
        042b:              001031ac28bf72cd; 
        042c:              5000100029bf72cc; 
        042d:              0280058c28bf72cc; 
        042e:              28bf72cc29bf72cc; 
        042f:              0280bc0c2800018d; 
        0430:              28bf72cc5bffe9ac; 
        0431:              5c000d802800018c; 
        0432:              5000080028bfb2cc; 
        0433:              001501840015000c; 
        0434:              2880a0762880b061; 
        0435:              4c0000200280c063; 
        0436:              2980b07602bf4063; 
        0437:              29bf72c40280c076; 
        0438:              29bfa2c0293fbec0; 
        0439:              2a3fbecc50006c00; 
        043a:              29bf62cc00409d8c; 
        043b:              293f5ecc28bf62cc; 
        043c:              2a3fbecc2a3f5ecd; 
        043d:              29bf62cc0044858c; 
        043e:              293f5ecc28bf62cc; 
        043f:              001031ac2a3f5ecc; 
        0440:              28bf62cc29bf62cc; 
        0441:              2a3f5ecd293f5ecc; 
        0442:              28bf72ce28bfa2cc; 
        0443:              2a00018c001031cc; 
        0444:              293fbecc001031ac; 
        0445:              0280058c28bfa2cc; 
        0446:              28bfa2cd29bfa2cc; 
        0447:              67ff918d0280280c; 
        0448:              001501842a3fbecc; 
        0449:              0280c0632880b076; 
        044a:              02bf80634c000020; 
        044b:              0280807629807076; 
        044c:              001500ad0015008c; 
        044d:              297fbacc29bfa2c6; 
        044e:              297fb2cc001501ac; 
        044f:              297f92cc2a7fbacc; 
        0450:              293f8acc2a7f92cc; 
        0451:              03407d8c2a3f8acc; 
        0452:              28bf92cc29bf92cc; 
        0453:              2a3f8acd293f8acc; 
        0454:              29000d8d28bfa2cc; 
        0455:              0044958c2a7fbacc; 
        0456:              28bf92cc29bf92cc; 
        0457:              2a7f8acc297f8acc; 
        0458:              28bf92cc29bf92cc; 
        0459:              2a3f8acc293f8acc; 
        045a:              29bf92cc03403d8c; 
        045b:              293f8acc28bf92cc; 
        045c:              28bfa2cc2a3f8acd; 
        045d:              2a7fbacc2900118d; 
        045e:              29bf92cc0044a58c; 
        045f:              297f8acc28bf92cc; 
        0460:              0340fd8c2a7f8acc; 
        0461:              28bf92cc29bf92cc; 
        0462:              2a7f8acc297f8acc; 
        0463:              29bf92cc029ef18c; 
        0464:              297f8acc28bf92cc; 
        0465:              28bfa2cc2a7f8acd; 
        0466:              2a7fb2cc2940198d; 
        0467:              29bf92cc0044ad8c; 
        0468:              297f8acc28bf92cc; 
        0469:              29bf92cc2a7f8acc; 
        046a:              293f8acc28bf92cc; 
        046b:              03407d8c2a3f8acc; 
        046c:              28bf92cc29bf92cc; 
        046d:              2a3f8acd293f8acc; 
        046e:              2900018d28bfa2cc; 
        046f:              0044958c2a7fb2cc; 
        0470:              28bf92cc29bf92cc; 
        0471:              2a7f8acc297f8acc; 
        0472:              28bf92cc29bf92cc; 
        0473:              2a3f8acc293f8acc; 
        0474:              29bf92cc0340fd8c; 
        0475:              293f8acc28bf92cc; 
        0476:              28bfa2cc2a3f8acd; 
        0477:              2a7fb2cc2900058d; 
        0478:              2a7f92cc297f92cc; 
        0479:              2a3f8acc293f8acc; 
        047a:              29bf92cc03407d8c; 
        047b:              293f8acc28bf92cc; 
        047c:              0040858c2a3f8acc; 
        047d:              28bf92cc29bf92cc; 
        047e:              2a3f8acd293f8acc; 
        047f:              2900098d28bfa2cc; 
        0480:              2880707603400000; 
        0481:              4c00002002808063; 
        0482:              2980b06102bf4063; 
        0483:              0280c0762980a076; 
        0484:              29bf62c529bf72c4; 
        0485:              0015018402bfa2cc; 
        0486:              2a7fbacc544a7800; 
        0487:              0040a58c02a1118c; 
        0488:              28bf52cc29bf52cc; 
        0489:              287f4acd297f4acc; 
        048a:              03b8018c140000ec; 
        048b:              29bf52cc0014b1ac; 
        048c:              297f4acc28bf52cc; 
        048d:              2a3fb2cc287f4acd; 
        048e:              29bf52cc0040958c; 
        048f:              297f4acc28bf52cc; 
        0490:              0347818c287f4acc; 
        0491:              28bf52cc29bf52cc; 
        0492:              287f4acc297f4acc; 
        0493:              29bf52cc001531ac; 
        0494:              297f4acc28bf52cc; 
        0495:              2a3faecc287f4acd; 
        0496:              28bf52cc29bf52cc; 
        0497:              287f4acc297f4acc; 
        0498:              29bf52cc03407d8c; 
        0499:              297f4acc28bf52cc; 
        049a:              001531ac287f4acc; 
        049b:              28bf52cc29bf52cc; 
        049c:              287f4acc297f4acc; 
        049d:              28bf52cc29bf52cc; 
        049e:              2a7f4acd297f4acc; 
        049f:              2940018d28bf72cc; 
        04a0:              0044858c2a3faacc; 
        04a1:              28bf52cc29bf52cc; 
        04a2:              2a3f4acc293f4acc; 
        04a3:              28bf52cc29bf52cc; 
        04a4:              287f4acc297f4acc; 
        04a5:              29bf52cc03407d8c; 
        04a6:              297f4acc28bf52cc; 
        04a7:              2a3fa6cc287f4acd; 
        04a8:              29bf52cc0040958c; 
        04a9:              297f4acc28bf52cc; 
        04aa:              035f818c287f4acc; 
        04ab:              28bf52cc29bf52cc; 
        04ac:              287f4acc297f4acc; 
        04ad:              29bf52cc001531ac; 
        04ae:              297f4acc28bf52cc; 
        04af:              2a3fa2cc287f4acd; 
        04b0:              29bf52cc0040ad8c; 
        04b1:              297f4acc28bf52cc; 
        04b2:              001531ac287f4acc; 
        04b3:              28bf52cc29bf52cc; 
        04b4:              287f4acc297f4acc; 
        04b5:              28bf52cc29bf52cc; 
        04b6:              2a7f4acd297f4acc; 
        04b7:              2940018d28bf62cc; 
        04b8:              2880b06103400000; 
        04b9:              0280c0632880a076; 
        04ba:              02bf40634c000020; 
        04bb:              2980a0762980b061; 
        04bc:              29bf72c40280c076; 
        04bd:              1c0000cc29bf62c5; 
        04be:              2880018c02a7e18c; 
        04bf:              50004c0029bfb2cc; 
        04c0:              2a08d98c28bfb2cc; 
        04c1:              28bf62cc0015018d; 
        04c2:              28bfb2cc5c002d8d; 
        04c3:              28bf62c60288dd8c; 
        04c4:              28bf72c400150185; 
        04c5:              0015008c57e707ff; 
        04c6:              28bfb2cc5c000d80; 
        04c7:              28bfb2cc50001c00; 
        04c8:              29bfb2cc2880018c; 
        04c9:              5fffb58028bfb2cc; 
        04ca:              001501840015000c; 
        04cb:              2880a0762880b061; 
        04cc:              4c0000200280c063; 
        04cd:              2980707602bf8063; 
        04ce:              29bfb2c402808076; 
        04cf:              28bfb2cc29bfa2c5; 
        04d0:              28bfa2cd2880818c; 
        04d1:              28bfb2cd001131ac; 
        04d2:              0017b58c2a08d5ad; 
        04d3:              001501840280098c; 
        04d4:              0280806328807076; 
        04d5:              02bf80634c000020; 
        04d6:              0280807629807076; 
        04d7:              29bfa2c529bfb2c4; 
        04d8:              02bff98c28bfa2cc; 
        04d9:              2a08d5ad28bfb2cd; 
        04da:              28bfb2cc0017358d; 
        04db:              001031ac2880818c; 
        04dc:              2880707600150184; 
        04dd:              4c00002002808063; 
        04de:              2980706102bf8063; 
        04df:              0280807629806076; 
        04e0:              28bfb2cc29bfb2c4; 
        04e1:              0340058c2a08d18c; 
        04e2:              28bfb2cc58007580; 
        04e3:              28bfb2cd2880218c; 
        04e4:              28bfb2cd0280d1ae; 
        04e5:              001501a52880c1ad; 
        04e6:              4c000181001501c4; 
        04e7:              03c0058c0015008c; 
        04e8:              28bfa2cc29bfa2cc; 
        04e9:              2a3f9ecc293f9ecc; 
        04ea:              02bff40c58000d80; 
        04eb:              28bfb2cc50003000; 
        04ec:              02bff80c2a08d18d; 
        04ed:              29bfa2cc0014b1ac; 
        04ee:              293f9ecc28bfa2cc; 
        04ef:              28bfb2cc2a3f9ecd; 
        04f0:              0015000c2908d18d; 
        04f1:              2880706100150184; 
        04f2:              0280806328806076; 
        04f3:              02bf40634c000020; 
        04f4:              2980a0762980b061; 
        04f5:              29bf72c40280c076; 
        04f6:              28bf72cc29bf62c5; 
        04f7:              28bf62cd2880c18c; 
        04f8:              28bf72c458006dac; 
        04f9:              29bfb2c457ff2bff; 
        04fa:              58000d8028bfb2cc; 
        04fb:              5000540028bfb2cc; 
        04fc:              2880118c28bf72cc; 
        04fd:              0280d1ad28bf72cd; 
        04fe:              001501a428bf62c5; 
        04ff:              0015008c4c000181; 
        0500:              29bf52cc03c0058c; 
        0501:              293f4ecc28bf52cc; 
        0502:              58000d802a3f4ecc; 
        0503:              5000140002bff40c; 
        0504:              28bf62cd28bf72cc; 
        0505:              0015000c2980c18d; 
        0506:              2880b06100150184; 
        0507:              0280c0632880a076; 
        0508:              02bf40634c000020; 
        0509:              2980a0762980b061; 
        050a:              29bf72c40280c076; 
        050b:              57fe97ff28bf72c4; 
        050c:              28bfb2cc29bfb2c4; 
        050d:              28bfb2cc58000d80; 
        050e:              28bf72cc5001bc00; 
        050f:              0340098c2a08d18c; 
        0510:              28bf72cc5801a980; 
        0511:              001501852880518c; 
        0512:              57ff0bff28bf72c4; 
        0513:              28bfb2cc29bfb2c4; 
        0514:              28bfb2cc58000d80; 
        0515:              28bf72cc50018400; 
        0516:              29bfa2cc0280d18c; 
        0517:              2a08d18c28bf72cc; 
        0518:              29bf62cc0380058c; 
        0519:              293f5ecc28bf62cc; 
        051a:              28bf72cc2a3f5ecd; 
        051b:              28bf72cc2908d18d; 
        051c:              28bfa2cc2880a18d; 
        051d:              2a07b18e0343fdb0; 
        051e:              001501cf034001ce; 
        051f:              001539ee0015020e; 
        0520:              0044a1ae2907b18e; 
        0521:              2a07b58e0343fdd0; 
        0522:              001501cf034001ce; 
        0523:              001539ee0015020e; 
        0524:              0044c1ae2907b58e; 
        0525:              2a07b98e0343fdd0; 
        0526:              001501cf034001ce; 
        0527:              001539ee0015020e; 
        0528:              0044e1af2907b98e; 
        0529:              034001ad2a07bd8d; 
        052a:              001501ed001501ae; 
        052b:              2907bd8d001535cd; 
        052c:              2880b18d28bf72cc; 
        052d:              0343fdb028bfa2cc; 
        052e:              034001ce2a07a18e; 
        052f:              0015020e001501cf; 
        0530:              2907a18e001539ee; 
        0531:              0343fdd00044a1ae; 
        0532:              034001ce2a07a58e; 
        0533:              0015020e001501cf; 
        0534:              2907a58e001539ee; 
        0535:              0343fdd00044c1ae; 
        0536:              034001ce2a07a98e; 
        0537:              0015020e001501cf; 
        0538:              2907a98e001539ee; 
        0539:              2a07ad8d0044e1af; 
        053a:              001501ae034001ad; 
        053b:              001535cd001501ed; 
        053c:              28bf72c42907ad8d; 
        053d:              29bfb2c457fd0bff; 
        053e:              58000d8028bfb2cc; 
        053f:              5000300028bfb2cc; 
        0540:              2a08d18d28bf72cc; 
        0541:              0014b1ac02bff40c; 
        0542:              28bf62cc29bf62cc; 
        0543:              2a3f5ecd293f5ecc; 
        0544:              2908d18d28bf72cc; 
        0545:              001501840015000c; 
        0546:              2880a0762880b061; 
        0547:              4c0000200280c063; 
        0548:              2980f06102bf0063; 
        0549:              028100762980e076; 
        054a:              29bf22c529bf32c4; 
        054b:              29bf02c729bf12c6; 
        054c:              0280d18c28bf32cc; 
        054d:              28bf32cc29bfa2cc; 
        054e:              28bf22cc2880618d; 
        054f:              001031ac00449d8c; 
        0550:              28bf22cc29bf92cc; 
        0551:              29bf82cc0341fd8c; 
        0552:              28bf32c428bf92c5; 
        0553:              29bf72c457fd07ff; 
        0554:              58000d8028bf72cc; 
        0555:              5000c00028bf72cc; 
        0556:              0040898c28bf82cc; 
        0557:              001031ac28bfa2cd; 
        0558:              141fffec2880018d; 
        0559:              0014b1ac03bffd8c; 
        055a:              28bf62cc29bf62cc; 
        055b:              0280040c5c001180; 
        055c:              50006c00293fbecc; 
        055d:              141fffec28bf62cd; 
        055e:              5c0011ac03bfdd8c; 
        055f:              293fbecc0280200c; 
        0560:              28bf62cd50005000; 
        0561:              03bfdd8c141fffec; 
        0562:              0280180c6c00118d; 
        0563:              50003400293fbecc; 
        0564:              0280040c28bf62cd; 
        0565:              28bf32cc6c00218d; 
        0566:              28bf62cd2880418c; 
        0567:              0280080c6c0011ac; 
        0568:              50000c00293fbecc; 
        0569:              5000200002bff80c; 
        056a:              28bf62cd28bf12cc; 
        056b:              28bf02cc2980018d; 
        056c:              2900018d2a3fbecd; 
        056d:              001501840015000c; 
        056e:              2880e0762880f061; 
        056f:              4c00002002810063; 
        0570:              2980f06102bf0063; 
        0571:              028100762980e076; 
        0572:              29bf62c529bf72c4; 
        0573:              29bf42c729bf52c6; 
        0574:              0280d18c28bf72cc; 
        0575:              28bf52cc29bfb2cc; 
        0576:              28bf62cd00449d8c; 
        0577:              29bfa2cc001031ac; 
        0578:              29bf32cc28bf52cc; 
        0579:              297f2acc28bf32cc; 
        057a:              0341fd8c2a7f2acc; 
        057b:              28bfa2c5297f9acc; 
        057c:              57fbbbff28bf72c4; 
        057d:              28bf82cc29bf82c4; 
        057e:              28bf82cc58000d80; 
        057f:              2a7f9acc50007000; 
        0580:              28bfb2cd0040898c; 
        0581:              2880018d001031ac; 
        0582:              0014b1ae15e0000c; 
        0583:              141fffec28bf42cd; 
        0584:              0014b1ad03bffd8c; 
        0585:              0040898c2a7f9acc; 
        0586:              001031ec28bfb2cf; 
        0587:              2980018d001535cd; 
        0588:              2a08d18c28bf72cc; 
        0589:              29bf32cc0380058c; 
        058a:              293f2acc28bf32cc; 
        058b:              28bf72cc2a3f2acd; 
        058c:              0015000c2908d18d; 
        058d:              2880f06100150184; 
        058e:              028100632880e076; 
        058f:              02bf40634c000020; 
        0590:              2980a0762980b061; 
        0591:              29bf72c40280c076; 
        0592:              29bf52c629bf62c5; 
        0593:              2880718c28bf72cc; 
        0594:              28bf72cc58003580; 
        0595:              28bf52c72880718c; 
        0596:              0015018528bf62c6; 
        0597:              57fec7ff28bf72c4; 
        0598:              28bfb2cc29bfb2c4; 
        0599:              28bfb2cc58000d80; 
        059a:              28bf72cc50002400; 
        059b:              28bf52c72880618c; 
        059c:              0015018528bf62c6; 
        059d:              57fe97ff28bf72c4; 
        059e:              001501840015008c; 
        059f:              2880a0762880b061; 
        05a0:              4c0000200280c063; 
        05a1:              2980b06102bf4063; 
        05a2:              0280c0762980a076; 
        05a3:              29bf62c529bf72c4; 
        05a4:              2a08d18c28bf72cc; 
        05a5:              29bf52cc0380098c; 
        05a6:              293f4ecc28bf52cc; 
        05a7:              28bf72cc2a3f4ecd; 
        05a8:              02bfaecd2908d18d; 
        05a9:              001501a702bf92cc; 
        05aa:              28bf62c500150186; 
        05ab:              57fce7ff28bf72c4; 
        05ac:              28bfb2cc29bfb2c4; 
        05ad:              28bfb2cc58000d80; 
        05ae:              2a3faecc50007800; 
        05af:              58000d800340258c; 
        05b0:              5000640002bff80c; 
        05b1:              28bf62c500150006; 
        05b2:              57feebff28bf72c4; 
        05b3:              28bfb2cc29bfb2c4; 
        05b4:              28bfb2cc58000d80; 
        05b5:              28bf72cc50004000; 
        05b6:              0280058d2880b18c; 
        05b7:              2980b18d28bf72cc; 
        05b8:              29bf62cc28bf92cc; 
        05b9:              0340118c2a3faecc; 
        05ba:              53ff73ff5c000980; 
        05bb:              28bf72c403400000; 
        05bc:              0015008c57fa67ff; 
        05bd:              2880b06100150184; 
        05be:              0280c0632880a076; 
        05bf:              02bec0634c000020; 
        05c0:              2981207629813061; 
        05c1:              29bf32c402814076; 
        05c2:              29bf12c629bf22c5; 
        05c3:              29bfa2cc28bf22cc; 
        05c4:              293fbecc0280040c; 
        05c5:              2a08d18c28bf32cc; 
        05c6:              29bf02cc0380098c; 
        05c7:              293efecc28bf02cc; 
        05c8:              28bf32cc2a3efecd; 
        05c9:              28bfa2cc2908d18d; 
        05ca:              28bf22cc58006980; 
        05cb:              29bf22cc0280058c; 
        05cc:              2880418c28bf32cc; 
        05cd:              68000dac28bf22cd; 
        05ce:              29bf22cc0280080c; 
        05cf:              02bf72cc02bf8ecd; 
        05d0:              00150186001501a7; 
        05d1:              28bf32c428bf22c5; 
        05d2:              29bf92c457fbb3ff; 
        05d3:              58000d8028bf92cc; 
        05d4:              5001340028bf92cc; 
        05d5:              0340058c2a3f8ecc; 
        05d6:              293fbec058000980; 
        05d7:              580091802a3fbecc; 
        05d8:              2880a18c28bf32cc; 
        05d9:              28bf22cc29bf22cc; 
        05da:              29bf22cc0280058c; 
        05db:              2880418c28bf32cc; 
        05dc:              68000dac28bf22cd; 
        05dd:              29bf22cc0280080c; 
        05de:              2880a18c28bf32cc; 
        05df:              5c000dac28bf22cd; 
        05e0:              5000d40002bfe00c; 
        05e1:              02bf72cc02bf8ecd; 
        05e2:              00150186001501a7; 
        05e3:              28bf32c428bf22c5; 
        05e4:              29bf92c457fb23ff; 
        05e5:              58000d8028bf92cc; 
        05e6:              5000a4002a3f8ecc; 
        05e7:              0340058c2a3f8ecc; 
        05e8:              53ff8bff5c000980; 
        05e9:              141fffec03400000; 
        05ea:              28bf22c503bffd86; 
        05eb:              57fd23ff28bf32c4; 
        05ec:              28bf92cc29bf92c4; 
        05ed:              28bf92cc58000d80; 
        05ee:              28bfa2cc50006800; 
        05ef:              28bf22c658002980; 
        05f0:              28bf32c428bfa2c5; 
        05f1:              29bf92c457fcf7ff; 
        05f2:              58000d8028bf92cc; 
        05f3:              50003c0028bf92cc; 
        05f4:              28bf22cd28bf32cc; 
        05f5:              28bf32cc2980a18d; 
        05f6:              02bffd8d2880b18c; 
        05f7:              2980b18d28bf32cc; 
        05f8:              28bf22cd28bf12cc; 
        05f9:              28bf32c42980018d; 
        05fa:              0015008c57f877ff; 
        05fb:              2881306100150184; 
        05fc:              0281406328812076; 
        05fd:              02bf80634c000020; 
        05fe:              2980607629807061; 
        05ff:              29bfb2c402808076; 
        0600:              28bfa2c629bfa2c5; 
        0601:              28bfb2c400150005; 
        0602:              0015008c57fdefff; 
        0603:              2880706100150184; 
        0604:              0280806328806076; 
        0605:              02bf40634c000020; 
        0606:              2980a0762980b061; 
        0607:              29bf72c40280c076; 
        0608:              28bf72c429bf62c5; 
        0609:              29bf92c457f6abff; 
        060a:              58000d8028bf92cc; 
        060b:              5000b40028bf92cc; 
        060c:              28bf72c428bf62c5; 
        060d:              29bfb2c457f647ff; 
        060e:              0280d18c28bf72cc; 
        060f:              0015000502880006; 
        0610:              57dc4bff00150184; 
        0611:              5000640029bfa2c0; 
        0612:              2a08d18c28bf72cc; 
        0613:              29bf52cc0380058c; 
        0614:              293f4ecc28bf52cc; 
        0615:              28bf72cc2a3f4ecd; 
        0616:              28bfb2cc2908d18d; 
        0617:              29bfb2cd0280058d; 
        0618:              2980c1ac28bf72cd; 
        0619:              57f627ff28bf72c4; 
        061a:              28bf92cc29bf92c4; 
        061b:              28bf92cc58000d80; 
        061c:              28bfa2cc50003000; 
        061d:              29bfa2cc0280058c; 
        061e:              2a08d58c28bf72cc; 
        061f:              0280040c0015018d; 
        0620:              28bfa2cd0017358c; 
        0621:              0015000c63ff89ac; 
        0622:              2880b06100150184; 
        0623:              0280c0632880a076; 
        0624:              02bf80634c000020; 
        0625:              2980607629807061; 
        0626:              29bfb2c402808076; 
        0627:              28bfb2cc29bfa2c5; 
        0628:              2980218d28bfa2cd; 
        0629:              2880018c28bfb2cc; 
        062a:              0015018428bfa2c5; 
        062b:              0015008d57f557ff; 
        062c:              2980318d28bfb2cc; 
        062d:              2940418028bfb2cc; 
        062e:              2880706103400000; 
        062f:              0280806328806076; 
        0630:              02bf80634c000020; 
        0631:              2980607629807061; 
        0632:              29bfb2c402808076; 
        0633:              28bfa2cc29bfa2c5; 
        0634:              28bfb2cc5c001580; 
        0635:              2880918c2880018c; 
        0636:              28bfb2cc29bfa2cc; 
        0637:              2980118d28bfa2cd; 
        0638:              28bfb2c428bfa2c5; 
        0639:              0340000057ff5fff; 
        063a:              2880607628807061; 
        063b:              4c00002002808063; 
        063c:              2980b06102bf4063; 
        063d:              0280c0762980a076; 
        063e:              28bf72cc29bf72c4; 
        063f:              0280818c2a40418c; 
        0640:              28bf62cc29bf62cc; 
        0641:              2a7f5acd297f5acc; 
        0642:              2940418d28bf72cc; 
        0643:              2a40418d28bf72cc; 
        0644:              68000d8d0287fc0c; 
        0645:              5000c0000015000c; 
        0646:              2940418028bf72cc; 
        0647:              2880318c28bf72cc; 
        0648:              28bf72cc0280058d; 
        0649:              28bf72cc2980318d; 
        064a:              28bf72cc2880318d; 
        064b:              2880318c2880018c; 
        064c:              58000d800014b1ac; 
        064d:              500080000015000c; 
        064e:              2880018d28bf72cc; 
        064f:              2880218c28bf72cc; 
        0650:              02bf92ce02bfaecf; 
        0651:              001501c6001501e7; 
        0652:              001501a400150185; 
        0653:              29bfb2c457f7abff; 
        0654:              58000d8028bfb2cc; 
        0655:              5000400028bfb2cc; 
        0656:              0340258c2a3faecc; 
        0657:              02bff80c58000d80; 
        0658:              2a3faecc50002c00; 
        0659:              58000d800340118c; 
        065a:              5000180002bfe80c; 
        065b:              0015018528bf92cc; 
        065c:              57fe43ff28bf72c4; 
        065d:              001501840015000c; 
        065e:              2880a0762880b061; 
        065f:              4c0000200280c063; 
        0660:              2980b06102bf4063; 
        0661:              0280c0762980a076; 
        0662:              29bf62c529bf72c4; 
        0663:              50002c0029bfb2c0; 
        0664:              57febfff28bf72c4; 
        0665:              28bfa2cc29bfa2c4; 
        0666:              28bfa2cc58000d80; 
        0667:              28bfb2cc50002000; 
        0668:              29bfb2cc0280058c; 
        0669:              28bf62cc28bfb2cd; 
        066a:              0015000c63ffd1ac; 
        066b:              2880b06100150184; 
        066c:              0280c0632880a076; 
        066d:              02bf40634c000020; 
        066e:              2980a0762980b061; 
        066f:              29bf72c40280c076; 
        0670:              57fe5fff28bf72c4; 
        0671:              28bfb2cd29bfb2c4; 
        0672:              58000dac02bfe80c; 
        0673:              50006c0028bfb2cc; 
        0674:              2880018d28bf72cc; 
        0675:              2880218c28bf72cc; 
        0676:              001501c602bfa2ce; 
        0677:              001501a400150185; 
        0678:              29bfb2c457fa3fff; 
        0679:              58000d8028bfb2cc; 
        067a:              5000340028bfb2cc; 
        067b:              0015018528bfa2cc; 
        067c:              57fd43ff28bf72c4; 
        067d:              2880018d28bf72cc; 
        067e:              2880218c28bf72cc; 
        067f:              001501a400150185; 
        0680:              0015008c57fc2fff; 
        0681:              2880b06100150184; 
        0682:              0280c0632880a076; 
        0683:              02bf80634c000020; 
        0684:              0280807629807076; 
        0685:              28bfb2cc29bfb2c4; 
        0686:              0280d18c2880018c; 
        0687:              2a4041ad28bfb2cd; 
        0688:              001501840010358c; 
        0689:              0280806328807076; 
        068a:              02bf80634c000020; 
        068b:              0280807629807076; 
        068c:              28bfb2cc29bfb2c4; 
        068d:              0240058c2a00018c; 
        068e:              2a3faecc293faecc; 
        068f:              2880707600150184; 
        0690:              4c00002002808063; 
        0691:              2980707602bf8063; 
        0692:              29bfb2c402808076; 
        0693:              2a00018c28bfb2cc; 
        0694:              28bfb2cc58001580; 
        0695:              0283940c2a00018d; 
        0696:              0280040c5c000dac; 
        0697:              0015000c50000800; 
        0698:              29bfa2cc0340058c; 
        0699:              293f9ecc28bfa2cc; 
        069a:              001501842a3f9ecc; 
        069b:              0280806328807076; 
        069c:              02bf80634c000020; 
        069d:              0280807629807076; 
        069e:              28bfb2cc29bfb2c4; 
        069f:              03c03d8c2a002d8c; 
        06a0:              293faecc0240058c; 
        06a1:              001501842a3faecc; 
        06a2:              0280806328807076; 
        06a3:              02bf80634c000020; 
        06a4:              0280807629807076; 
        06a5:              28bfb2cc29bfb2c4; 
        06a6:              2a00558c2a00518d; 
        06a7:              0015358c0040a18c; 
        06a8:              28bfa2cc29bfa2cc; 
        06a9:              2a7f9acc297f9acc; 
        06aa:              28bfb2cc0040c18d; 
        06ab:              2a006d8c2a00698e; 
        06ac:              0015398c0040a18c; 
        06ad:              28bfa2cc29bfa2cc; 
        06ae:              2a7f9acc297f9acc; 
        06af:              00150184001531ac; 
        06b0:              0280806328807076; 
        06b1:              02bf40634c000020; 
        06b2:              2980a0762980b061; 
        06b3:              0015008c0280c076; 
        06b4:              1c00008c293f7ecc; 
        06b5:              29bfa2cc02baf18c; 
        06b6:              00150184283f7ecc; 
        06b7:              0015008c57eaabff; 
        06b8:              283f7ecd293f7ecc; 
        06b9:              6400198d0281000c; 
        06ba:              0281680c283f7ecd; 
        06bb:              283f7ecc60000d8d; 
        06bc:              29bfb2c050005000; 
        06bd:              28bfb2cc50003000; 
        06be:              001031ac28bfa2cd; 
        06bf:              283f7ecd2800018c; 
        06c0:              283f7ecc5c000dac; 
        06c1:              28bfb2cc50002800; 
        06c2:              29bfb2cc0280058c; 
        06c3:              28bfa2cd28bfb2cc; 
        06c4:              2800018c001031ac; 
        06c5:              02817c0c5fffc580; 
        06c6:              2880b06100150184; 
        06c7:              0280c0632880a076; 
        06c8:              02bf00634c000020; 
        06c9:              2980e0762980f061; 
        06ca:              29bf72c402810076; 
        06cb:              29bf52c629bf62c5; 
        06cc:              50004c0029bfb2c0; 
        06cd:              28bf62cd28bfb2cc; 
        06ce:              2800018c001031ac; 
        06cf:              57ff13ff00150184; 
        06d0:              29bf42cc0015008c; 
        06d1:              28bf72cd28bfb2cc; 
        06d2:              28bf42cd001031ac; 
        06d3:              2a3f3ecd293f3ecd; 
        06d4:              28bfb2cc2900018d; 
        06d5:              29bfb2cc0280058c; 
        06d6:              0280200d28bf52cc; 
        06d7:              0280200c640009ac; 
        06d8:              64001dac28bfb2cd; 
        06d9:              28bf62cd28bfb2cc; 
        06da:              2800018d001031ac; 
        06db:              5fff8dac0280b80c; 
        06dc:              29bfa2cc28bfb2cc; 
        06dd:              28bfa2cc50002400; 
        06de:              001031ac28bf72cd; 
        06df:              2900018d0280800d; 
        06e0:              0280058c28bfa2cc; 
        06e1:              28bfa2cd29bfa2cc; 
        06e2:              67ffd98d02801c0c; 
        06e3:              28bf52cc28bfb2cd; 
        06e4:              28bfb2cc640029ac; 
        06e5:              29bfb2cd0280058d; 
        06e6:              28bf62cc0015018d; 
        06e7:              2800018d0010358c; 
        06e8:              5fffd5ac0280b80c; 
        06e9:              5000600029bfa2c0; 
        06ea:              28bf62cd28bfb2cc; 
        06eb:              2800018c001031ac; 
        06ec:              57fe2bff00150184; 
        06ed:              29bf42cc0015008c; 
        06ee:              0280218c28bfa2cc; 
        06ef:              28bf72cc0015018d; 
        06f0:              28bf42cd0010358c; 
        06f1:              2a3f3ecd293f3ecd; 
        06f2:              28bfa2cc2900018d; 
        06f3:              29bfa2cc0280058c; 
        06f4:              0280058c28bfb2cc; 
        06f5:              28bfa2cd29bfb2cc; 
        06f6:              60003d8d0280080c; 
        06f7:              28bf52cc28bfb2cd; 
        06f8:              50002c0063ff91ac; 
        06f9:              0280218c28bfa2cc; 
        06fa:              28bf72cc0015018d; 
        06fb:              0280800d0010358c; 
        06fc:              28bfa2cc2900018d; 
        06fd:              29bfa2cc0280058c; 
        06fe:              0280080c28bfa2cd; 
        06ff:              0340000067ffd18d; 
        0700:              2880e0762880f061; 
        0701:              4c00002002810063; 
        0702:              2980b07602bf4063; 
        0703:              29bf72c40280c076; 
        0704:              2895718c1c00008c; 
        0705:              29bfb2cc2880018c; 
        0706:              5000300029bfa2c0; 
        0707:              28bf72cd28bfa2cc; 
        0708:              28bfb2cc001031ad; 
        0709:              29bfb2ce0280058e; 
        070a:              2900018d2a0001ad; 
        070b:              0280058c28bfa2cc; 
        070c:              28bfa2cd29bfa2cc; 
        070d:              60001d8d02801c0c; 
        070e:              28bf72cd28bfa2cc; 
        070f:              2a00018d001031ac; 
        0710:              5fffb5ac0280800c; 
        0711:              0280218c28bf72cc; 
        0712:              0280800c2a00018d; 
        0713:              28bfb2cc580019ac; 
        0714:              29bfb2cd0280058d; 
        0715:              2900018d0280b80d; 
        0716:              29bf92cc0280200c; 
        0717:              28bf92cc50003000; 
        0718:              001031ad28bf72cd; 
        0719:              0280058e28bfb2cc; 
        071a:              2a0001ad29bfb2ce; 
        071b:              28bf92cc2900018d; 
        071c:              29bf92cc0280058c; 
        071d:              0280280c28bf92cd; 
        071e:              28bf92cc60001d8d; 
        071f:              001031ac28bf72cd; 
        0720:              0280800c2a00018d; 
        0721:              1c00008c5fffb5ac; 
        0722:              2880018c2891c18c; 
        0723:              001131ac28bfb2cd; 
        0724:              28bf62cc29bf62cc; 
        0725:              2a7f5acd297f5acc; 
        0726:              029ae18c1c00008c; 
        0727:              034000002940018d; 
        0728:              0280c0632880b076; 
        0729:              02bf00634c000020; 
        072a:              028100762980f076; 
        072b:              29bf62c529bf72c4; 
        072c:              29bfb2c029bf52c6; 
        072d:              28bfb2cc50007800; 
        072e:              001031ac28bf62cd; 
        072f:              1c00008d2800018f; 
        0730:              28bfb2cc028f11ad; 
        0731:              2a00018c001031ac; 
        0732:              29bf42cf0015018e; 
        0733:              293f3ecc28bf42cc; 
        0734:              28bf72cc2a3f3ecd; 
        0735:              2900018d0010398c; 
        0736:              028e41ad1c00008d; 
        0737:              001031ac28bfb2cc; 
        0738:              0280058c2a00018c; 
        0739:              001031ac28bf72cd; 
        073a:              28bfb2cc29000180; 
        073b:              29bfb2cc0280058c; 
        073c:              28bf52cc28bfb2cd; 
        073d:              28bfb2cd63ff85ac; 
        073e:              6000b98d0280300c; 
        073f:              028d21ad1c00008d; 
        0740:              001031ac28bfb2cc; 
        0741:              0015018d2a00018c; 
        0742:              0010358c28bf72cc; 
        0743:              1c00008d29000180; 
        0744:              28bfb2cc028c91ad; 
        0745:              2a00018c001031ac; 
        0746:              28bf72cd0280058c; 
        0747:              29000180001031ac; 
        0748:              1c00008d50005400; 
        0749:              28bfb2cc028bf1ad; 
        074a:              2a00018c001031ac; 
        074b:              28bf72cc0015018d; 
        074c:              02bffc0d0010358c; 
        074d:              1c00008d2900018d; 
        074e:              28bfb2cc028b51ad; 
        074f:              2a00018c001031ac; 
        0750:              28bf72cd0280058c; 
        0751:              02bffc0d001031ac; 
        0752:              28bfb2cc2900018d; 
        0753:              29bfb2cc0280058c; 
        0754:              0280300c28bfb2cd; 
        0755:              0340000067ff9d8d; 
        0756:              028100632880f076; 
        0757:              02bf00634c000020; 
        0758:              2980e0762980f061; 
        0759:              29bf32c402810076; 
        075a:              2880018d28bf32cc; 
        075b:              2880318c28bf32cc; 
        075c:              001501a400150185; 
        075d:              29bf82c457ecb7ff; 
        075e:              58000d8028bf82cc; 
        075f:              5001d40028bf82cc; 
        0760:              57f91bff28bf32c4; 
        0761:              28bfb2cc29bfb2c4; 
        0762:              1c00008c2a00358d; 
        0763:              2900018d0293598c; 
        0764:              0293218c1c00008c; 
        0765:              28bfb2cc29400180; 
        0766:              0341018c2a00018c; 
        0767:              02bff80c5c000d80; 
        0768:              28bfb2cc50019000; 
        0769:              03407d8c2a00018c; 
        076a:              28bfa2cd29bfa2cc; 
        076b:              6401458d0280500c; 
        076c:              50016c0002bff80c; 
        076d:              2a002d8d28bfb2cc; 
        076e:              5c001dac02803c0c; 
        076f:              2a00358d28bfb2cc; 
        0770:              0291a98c1c00008c; 
        0771:              58000dac2a00018c; 
        0772:              50013c0002bff80c; 
        0773:              5000980029bf92c0; 
        0774:              028681ad1c00008d; 
        0775:              001031ac28bf92cc; 
        0776:              0015018d2a00018c; 
        0777:              0010358c28bfb2cc; 
        0778:              293f7ecc2a00018c; 
        0779:              58007980283f7ecc; 
        077a:              2886b18c1c00008c; 
        077b:              28bfa2ce2880018c; 
        077c:              001c35ce0280340d; 
        077d:              001035cd28bf92cd; 
        077e:              2a3f7ecd0010358c; 
        077f:              1c00008c2900018d; 
        0780:              2a40018c028fb18c; 
        0781:              29bf22cc0280058c; 
        0782:              297f1acc28bf22cc; 
        0783:              1c00008c2a7f1acd; 
        0784:              2940018d028f318c; 
        0785:              0280058c28bf92cc; 
        0786:              28bf92cd29bf92cc; 
        0787:              67ff658d0280300c; 
        0788:              0340000050000800; 
        0789:              57f597ff28bf32c4; 
        078a:              28bf82cc29bf82c4; 
        078b:              28bf82cc58000d80; 
        078c:              28bf32cc50007000; 
        078d:              28bf32cc2880018d; 
        078e:              001501852880318c; 
        078f:              57eb23ff001501a4; 
        0790:              28bf82cc29bf82c4; 
        0791:              28bf82cc58000d80; 
        0792:              28bf32c450004000; 
        0793:              29bfb2c457f787ff; 
        0794:              02bffd8d28bfa2cc; 
        0795:              5ffebd8029bfa2cd; 
        0796:              028ce18c1c00008c; 
        0797:              0283fc0c2a40018d; 
        0798:              0015000c68000d8d; 
        0799:              02bff80c50000800; 
        079a:              2880f06100150184; 
        079b:              028100632880e076; 
        079c:              02bf00634c000020; 
        079d:              2980e0762980f061; 
        079e:              29bf32c402810076; 
        079f:              29bf12c629bf22c5; 
        07a0:              02bf72cc29bf02c7; 
        07a1:              28bf22c528bf12c6; 
        07a2:              57f933ff00150184; 
        07a3:              2880118c28bf32cc; 
        07a4:              28bf32c400150185; 
        07a5:              29bfb2c057f3ffff; 
        07a6:              58000d8028bfb2cc; 
        07a7:              5001940028bfb2cc; 
        07a8:              2880018d28bf32cc; 
        07a9:              2880318c28bf32cc; 
        07aa:              001501a400150185; 
        07ab:              29bfb2c457ea47ff; 
        07ac:              58000d8028bfb2cc; 
        07ad:              5001640028bfb2cc; 
        07ae:              57f6abff28bf32c4; 
        07af:              28bfa2c429bfa2c4; 
        07b0:              0015008c57f6d7ff; 
        07b1:              02bfe80c58000d80; 
        07b2:              28bfa2c450014000; 
        07b3:              0015008c57f6f3ff; 
        07b4:              28bf02cc5c011d80; 
        07b5:              28bf32cc58002580; 
        07b6:              28bf02cc2880318d; 
        07b7:              28bf32cc2980018d; 
        07b8:              28bf02cc2a40418d; 
        07b9:              28bfa2c42940118d; 
        07ba:              0015008c57f717ff; 
        07bb:              28bf32c45800bd80; 
        07bc:              29bfb2c457fcdfff; 
        07bd:              58000d8028bfb2cc; 
        07be:              5000dc0028bfb2cc; 
        07bf:              57f623ff28bf32c4; 
        07c0:              28bfa2c429bfa2c4; 
        07c1:              0015008c57f683ff; 
        07c2:              28bfa2c45c003980; 
        07c3:              0015008c57f6cfff; 
        07c4:              28bfa2cc5c002980; 
        07c5:              57e387ff00150184; 
        07c6:              0015018d0015008c; 
        07c7:              0286c98c1c00008c; 
        07c8:              58000dac2a00018c; 
        07c9:              5000840002bff80c; 
        07ca:              0286618c1c00008c; 
        07cb:              0015018d2a40018c; 
        07cc:              5c005d8d28bf12cc; 
        07cd:              28bc518c1c00008c; 
        07ce:              28bf12c62880018c; 
        07cf:              0015018428bf22c5; 
        07d0:              0015008c57ceafff; 
        07d1:              0015000c5c003980; 
        07d2:              28bfa2cc50004000; 
        07d3:              02802c0602bf72cd; 
        07d4:              001501a400150185; 
        07d5:              0015008c57ce87ff; 
        07d6:              0015000c5c001180; 
        07d7:              0340000050001800; 
        07d8:              57f31fff28bf32c4; 
        07d9:              53fe67ff29bfb2c4; 
        07da:              2880f06100150184; 
        07db:              028100632880e076; 
        07dc:              02bf80634c000020; 
        07dd:              2980607629807061; 
        07de:              0280807629805077; 
        07df:              28bfb2cc29bfb2c4; 
        07e0:              28bfb2cc2880218d; 
        07e1:              2880918c2880018c; 
        07e2:              28bfb2cc5c0049ac; 
        07e3:              28bfb2cc28803197; 
        07e4:              28bfb2cc2880018d; 
        07e5:              2880918c2880018c; 
        07e6:              001501a400150185; 
        07e7:              0015008c57e777ff; 
        07e8:              28bfb2cc5c001aec; 
        07e9:              5c000d802a40418c; 
        07ea:              500008000280040c; 
        07eb:              0340058c0015000c; 
        07ec:              28bfa2cc29bfa2cc; 
        07ed:              2a3f9ecc293f9ecc; 
        07ee:              2880706100150184; 
        07ef:              2880507728806076; 
        07f0:              4c00002002808063; 
        07f1:              2981306102bec063; 
        07f2:              0281407629812076; 
        07f3:              29bf22c529bf32c4; 
        07f4:              28bf22cc29bf12c6; 
        07f5:              29bf92cc2880018c; 
        07f6:              0280058d28bf92cc; 
        07f7:              2800018d29bf92cd; 
        07f8:              58000dac0280bc0c; 
        07f9:              5001800002bfec0c; 
        07fa:              57e0efff28bf92c4; 
        07fb:              28bf82cc29bf82c4; 
        07fc:              02bfec0c5c000d80; 
        07fd:              28bf82c550016400; 
        07fe:              57e5e3ff28bf92c4; 
        07ff:              28bf32cc0015008d; 
        0800:              28bf32cc2980018d; 
        0801:              5c000d802880018c; 
        0802:              5001380002bfec0c; 
        0803:              2880018c28bf32cc; 
        0804:              001501852880918c; 
        0805:              57f15bff28bf32c4; 
        0806:              2880218c28bf32cc; 
        0807:              0280040c29bfb2cc; 
        0808:              28bf82cc293faecc; 
        0809:              001031ac28bf92cd; 
        080a:              28bf22cc29bf92cc; 
        080b:              2980018d28bf92cd; 
        080c:              28bf92cc50001000; 
        080d:              29bf92cc0280058c; 
        080e:              2800018d28bf92cc; 
        080f:              5bffe9ac0280bc0c; 
        0810:              28bf92cd28bf22cc; 
        0811:              28bf92c42980018d; 
        0812:              29bf82c457e033ff; 
        0813:              5c000d8028bf82cc; 
        0814:              5000a8000015000c; 
        0815:              03c0058c2a3faecc; 
        0816:              28bf02cc29bf02cc; 
        0817:              2a3efecc293efecc; 
        0818:              02bfec0c58000d80; 
        0819:              28bfb2c550008400; 
        081a:              57f0b3ff28bf32c4; 
        081b:              28bf82c628bf12c7; 
        081c:              28bf32c428bf92c5; 
        081d:              29bf72c457fbffff; 
        081e:              58000d8028bf72cc; 
        081f:              5000500028bf72cc; 
        0820:              28bf92cd28bf82cc; 
        0821:              29bf92cc001031ac; 
        0822:              28bf92cd28bf22cc; 
        0823:              28bf32c42980018d; 
        0824:              29bf62c457f2ffff; 
        0825:              57f3f3ff28bf62c4; 
        0826:              28bf62cc29bfb2c4; 
        0827:              0340418c2a002d8c; 
        0828:              293faecc0012b00c; 
        0829:              0015018453ff1bff; 
        082a:              2881207628813061; 
        082b:              4c00002002814063; 
        082c:              2980b06102bf4063; 
        082d:              0280c0762980a076; 
        082e:              29bf62c529bf72c4; 
        082f:              2880318c28bf72cc; 
        0830:              28bf72cc29bfb2cc; 
        0831:              297faacc2a40418c; 
        0832:              2880018d28bf72cc; 
        0833:              2880018c28bf62cc; 
        0834:              001501a400150185; 
        0835:              0015008d57e4c3ff; 
        0836:              2980218d28bf72cc; 
        0837:              2880018d28bf62cc; 
        0838:              2980318d28bf72cc; 
        0839:              2a40118d28bf62cc; 
        083a:              2940418d28bf72cc; 
        083b:              2880018d28bf72cc; 
        083c:              2880318c28bf72cc; 
        083d:              001501a400150185; 
        083e:              29bf92c457e5afff; 
        083f:              58000d8028bf92cc; 
        0840:              5000880028bf92cc; 
        0841:              57f213ff28bf72c4; 
        0842:              28bf82cc29bf82c4; 
        0843:              2900018d02bf940d; 
        0844:              2880018c28bf72cc; 
        0845:              28bf72cc2a08d18d; 
        0846:              038005ad2880018c; 
        0847:              28bf52cd29bf52cd; 
        0848:              2a3f4ecd293f4ecd; 
        0849:              28bf72cc2908d18d; 
        084a:              28bfb2cd2880318c; 
        084b:              28bf72cc5c001dac; 
        084c:              2a7faacd2a40418c; 
        084d:              0015000c5c000dac; 
        084e:              28bf72c450001c00; 
        084f:              29bf92c457ef6bff; 
        0850:              5bff558028bf92cc; 
        0851:              0015018428bf92cc; 
        0852:              2880a0762880b061; 
        0853:              4c0000200280c063; 
        0854:              2981f06102be0063; 
        0855:              028200762981e076; 
        0856:              29be62c529be72c4; 
        0857:              001500ec29be52c6; 
        0858:              293e4ecc29be32c8; 
        0859:              6400100c28be52cc; 
        085a:              0283fc0c28be52cd; 
        085b:              02bff00c64000d8d; 
        085c:              293fbec050069800; 
        085d:              29bfa2c0297fb2c0; 
        085e:              0280318e28be52cc; 
        085f:              002035cc0280340d; 
        0860:              002a00075c0009a0; 
        0861:              28be72cc29bf62cc; 
        0862:              001501852880118c; 
        0863:              57ee6bff28be72c4; 
        0864:              5000bc0029bf92c0; 
        0865:              2880018d28be72cc; 
        0866:              2880318c28be72cc; 
        0867:              001501a400150185; 
        0868:              29bf52c457e45fff; 
        0869:              58000d8028bf52cc; 
        086a:              5006240028bf52cc; 
        086b:              57f0c3ff28be72c4; 
        086c:              2a3fbecc29bf42c4; 
        086d:              28bf42c45c001580; 
        086e:              0015008c57f11bff; 
        086f:              28bf92cc58003180; 
        0870:              29bf92cd0280058d; 
        0871:              28be72cc5c002580; 
        0872:              29bfa2cc2880318c; 
        0873:              2a40418c28be72cc; 
        0874:              50000800297fb2cc; 
        0875:              28bf42c429bf92c0; 
        0876:              0015008c57f0a7ff; 
        0877:              0280040c58000d80; 
        0878:              28be72c4293fbecc; 
        0879:              29bf52c457efa7ff; 
        087a:              58000d8028bf52cc; 
        087b:              50059c0028bf52cc; 
        087c:              28bf92cc28bf62cd; 
        087d:              2a3fbecc67ff41ac; 
        087e:              28be72cc58007580; 
        087f:              28be72cc2880018d; 
        0880:              001501852880318c; 
        0881:              57e393ff001501a4; 
        0882:              28bf52cc29bf52c4; 
        0883:              28bf52cc58000d80; 
        0884:              28be72c450055800; 
        0885:              29bf32c457eff7ff; 
        0886:              2900018028bf32cc; 
        0887:              2880018c28be72cc; 
        0888:              28be72cc2a08d18d; 
        0889:              038005ad2880018c; 
        088a:              28be22cd29be22cd; 
        088b:              2a3e1acd293e1acd; 
        088c:              28be72cc2908d18d; 
        088d:              28bfa2c52880018c; 
        088e:              57e1f7ff00150184; 
        088f:              28be72cc0015008d; 
        0890:              28be72cc2980218d; 
        0891:              2980318d28bfa2cd; 
        0892:              2a7fb2cd28be72cc; 
        0893:              02bec2cc2940418d; 
        0894:              28be62c528be52c6; 
        0895:              57f19bff00150184; 
        0896:              0015018402bec2cc; 
        0897:              0015008c57dcfbff; 
        0898:              0281000c293f2ecc; 
        0899:              28bf62cc293f8ecc; 
        089a:              5001600029bf72cc; 
        089b:              2880018d28be72cc; 
        089c:              2880318c28be72cc; 
        089d:              001501a400150185; 
        089e:              29bf52c457e2afff; 
        089f:              58000d8028bf52cc; 
        08a0:              5004740028bf52cc; 
        08a1:              57ef13ff28be72c4; 
        08a2:              28be72cc29bf12c4; 
        08a3:              2a08d18d2880018c; 
        08a4:              2880018c28be72cc; 
        08a5:              29be22cd038005ad; 
        08a6:              293e1acd28be22cd; 
        08a7:              2908d18d2a3e1acd; 
        08a8:              02bffd8d28bf72cc; 
        08a9:              001c31ac0280340c; 
        08aa:              28bf02cc29bf02cc; 
        08ab:              001031ae28be62cd; 
        08ac:              28bf02cc28be52cd; 
        08ad:              0280340d001131ac; 
        08ae:              0280340c640009ac; 
        08af:              001501c500150186; 
        08b0:              57f3cbff28bf12c4; 
        08b1:              02803c0d28bf12cc; 
        08b2:              28bf72cc29002d8d; 
        08b3:              28be22cc29be22cc; 
        08b4:              283e1acd293e1acc; 
        08b5:              001531ac283f8ecc; 
        08b6:              28be22cc29be22cc; 
        08b7:              283e1acc293e1acc; 
        08b8:              28be22cc29be22cc; 
        08b9:              2a3e1acd293e1acc; 
        08ba:              2900018d28bf12cc; 
        08bb:              2a3f2ecd28bf12cc; 
        08bc:              28bf12cc2900358d; 
        08bd:              28bf12cc29003180; 
        08be:              034001ad2a00698d; 
        08bf:              2a006d8d2900698d; 
        08c0:              29006d8d034001ad; 
        08c1:              57ebd7ff28be72c4; 
        08c2:              28bf52cc29bf52c4; 
        08c3:              28bf52cc58000d80; 
        08c4:              28bf72cc50035800; 
        08c5:              29bf72cc02bffd8c; 
        08c6:              28bf72cc293f8ec0; 
        08c7:              02bebacd63fea00c; 
        08c8:              001501a502beb2cc; 
        08c9:              57ddc7ff00150184; 
        08ca:              2880018d28be72cc; 
        08cb:              2880318c28be72cc; 
        08cc:              001501a400150185; 
        08cd:              29bf52c457e137ff; 
        08ce:              58000d8028bf52cc; 
        08cf:              5002fc0028bf52cc; 
        08d0:              57ed9bff28be72c4; 
        08d1:              28be72cc29bef2c4; 
        08d2:              2a08d18d2880018c; 
        08d3:              2880018c28be72cc; 
        08d4:              29be22cd038005ad; 
        08d5:              293e1acd28be22cd; 
        08d6:              2908d18d2a3e1acd; 
        08d7:              02bec2cd28bef2cc; 
        08d8:              001501a502802c06; 
        08d9:              57c587ff00150184; 
        08da:              0044c18c28be32cc; 
        08db:              28be22cc29be22cc; 
        08dc:              2a7e1acd297e1acc; 
        08dd:              0343fdb028bef2cc; 
        08de:              034001ce2a00518e; 
        08df:              0015020e001501cf; 
        08e0:              2900518e001539ee; 
        08e1:              29be22cd0044a1ad; 
        08e2:              297e1acd28be22cd; 
        08e3:              2a00558d2a7e1acf; 
        08e4:              001501ae034001ad; 
        08e5:              001535cd001501ed; 
        08e6:              28be32cc2900558d; 
        08e7:              28be22cc29be22cc; 
        08e8:              2a7e1acd297e1acc; 
        08e9:              0343fdb028bef2cc; 
        08ea:              034001ce2a00698e; 
        08eb:              0015020e001501cf; 
        08ec:              2900698e001539ee; 
        08ed:              29be22cd0044a1ad; 
        08ee:              297e1acd28be22cd; 
        08ef:              2a006d8d2a7e1acf; 
        08f0:              001501ae034001ad; 
        08f1:              001535cd001501ed; 
        08f2:              28bef2cc29006d8d; 
        08f3:              29002d8d2a3e4ecd; 
        08f4:              2900318028bef2cc; 
        08f5:              2900358028bef2cc; 
        08f6:              28bef2cc2a7ebacd; 
        08f7:              2a00398e0343fdb0; 
        08f8:              001501cf034001ce; 
        08f9:              001539ee0015020e; 
        08fa:              0044a1ad2900398e; 
        08fb:              28be22cd29be22cd; 
        08fc:              2a7e1acf297e1acd; 
        08fd:              034001ad2a003d8d; 
        08fe:              001501ed001501ae; 
        08ff:              29003d8d001535cd; 
        0900:              28bef2cc2a7ebacd; 
        0901:              2a00598e0343fdb0; 
        0902:              001501cf034001ce; 
        0903:              001539ee0015020e; 
        0904:              0044a1ad2900598e; 
        0905:              28be22cd29be22cd; 
        0906:              2a7e1acf297e1acd; 
        0907:              034001ad2a005d8d; 
        0908:              001501ed001501ae; 
        0909:              29005d8d001535cd; 
        090a:              28bef2cc2a7eb2cd; 
        090b:              2a00418e0343fdb0; 
        090c:              001501cf034001ce; 
        090d:              001539ee0015020e; 
        090e:              0044a1ad2900418e; 
        090f:              28be22cd29be22cd; 
        0910:              2a7e1acf297e1acd; 
        0911:              034001ad2a00458d; 
        0912:              001501ed001501ae; 
        0913:              2900458d001535cd; 
        0914:              28bef2cc2a7eb2cd; 
        0915:              2a00618e0343fdb0; 
        0916:              001501cf034001ce; 
        0917:              001539ee0015020e; 
        0918:              0044a1ad2900618e; 
        0919:              28be22cd29be22cd; 
        091a:              2a7e1acf297e1acd; 
        091b:              034001ad2a00658d; 
        091c:              001501ed001501ae; 
        091d:              2900658d001535cd; 
        091e:              28bef2cc2a7eb2cd; 
        091f:              2a00498e0343fdb0; 
        0920:              001501cf034001ce; 
        0921:              001539ee0015020e; 
        0922:              0044a1ad2900498e; 
        0923:              28be22cd29be22cd; 
        0924:              2a7e1acf297e1acd; 
        0925:              034001ad2a004d8d; 
        0926:              001501ed001501ae; 
        0927:              29004d8d001535cd; 
        0928:              2a00718d28bef2cc; 
        0929:              2900718d034001ad; 
        092a:              034001ad2a00758d; 
        092b:              2a00798d2900758d; 
        092c:              2900798d034001ad; 
        092d:              034001ad2a007d8d; 
        092e:              0015000c29007d8d; 
        092f:              2881f06100150184; 
        0930:              028200632881e076; 
        0931:              02bf00634c000020; 
        0932:              028100762980f076; 
        0933:              29bf62c529bf72c4; 
        0934:              28bf72cc29bf52c6; 
        0935:              28bfb2cc29bfb2cc; 
        0936:              2a07fd8c2a07f98d; 
        0937:              0015358c0040a18c; 
        0938:              28bf42cc29bf42cc; 
        0939:              2a7f3acd297f3acc; 
        093a:              03a9558c1400014c; 
        093b:              0015000c58000dac; 
        093c:              28bfb2cd50007800; 
        093d:              02806d8c28bf62cc; 
        093e:              001031ac0040918c; 
        093f:              0280300c2a00498d; 
        0940:              0015000c58000dac; 
        0941:              28bfb2cd50005000; 
        0942:              02806d8c28bf62cc; 
        0943:              001031ac0040918c; 
        0944:              2a005d8e2a00598d; 
        0945:              001535cd0040a1ce; 
        0946:              0040c1ce2a00618e; 
        0947:              2a00658c001535cd; 
        0948:              0015358c0040e18c; 
        0949:              28bf52cc0015018d; 
        094a:              0280040c2980018d; 
        094b:              2880f07600150184; 
        094c:              4c00002002810063; 
        094d:              2980b06102bf4063; 
        094e:              0280c0762980a076; 
        094f:              28bf72cc29bf72c4; 
        0950:              28bfb2cc29bfb2cc; 
        0951:              0280080c2a00418d; 
        0952:              0015000c58000dac; 
        0953:              28bfb2cc50024c00; 
        0954:              2a00498c2a00458d; 
        0955:              0015358c0040a18c; 
        0956:              28bf62cc29bf62cc; 
        0957:              2a7f5acc297f5acc; 
        0958:              28bfb2cc5c005580; 
        0959:              2a00518c2a004d8d; 
        095a:              0015358c0040a18c; 
        095b:              28bf62cc29bf62cc; 
        095c:              2a7f5acc297f5acc; 
        095d:              28bfb2cc5c002d80; 
        095e:              2a005d8c2a00598d; 
        095f:              0015358c0040a18c; 
        0960:              28bf62cc29bf62cc; 
        0961:              2a7f5acc297f5acc; 
        0962:              0015000c58000d80; 
        0963:              28bfb2cc5001cc00; 
        0964:              2a00c58c2a00c18d; 
        0965:              0015358c0040a18c; 
        0966:              28bf62cc29bf62cc; 
        0967:              2a7f5acd297f5acc; 
        0968:              58000dac0280040c; 
        0969:              500198000015000c; 
        096a:              0281498c28bfb2cc; 
        096b:              1c00006502802006; 
        096c:              0015018402a460a5; 
        096d:              0015008c57c1c7ff; 
        096e:              0015000c58000d80; 
        096f:              28bfb2cc50016c00; 
        0970:              2a00318c2a002d8d; 
        0971:              0015358c0040a18c; 
        0972:              28bf62cc29bf62cc; 
        0973:              2a7f5acd297f5acc; 
        0974:              58000dac0288000c; 
        0975:              500138000015000c; 
        0976:              2a00a18d28bfb2cc; 
        0977:              0040a18c2a00a58c; 
        0978:              29bf62cc0015358c; 
        0979:              297f5acc28bf62cc; 
        097a:              0342018c2a7f5acc; 
        097b:              28bfb2cc5c003980; 
        097c:              2a00a58c2a00a18d; 
        097d:              0015358c0040a18c; 
        097e:              28bf62cc29bf62cc; 
        097f:              2a7f5acc297f5acc; 
        0980:              58000d800340398c; 
        0981:              5000d8000015000c; 
        0982:              2a00818d28bfb2cc; 
        0983:              0040a1ce2a00858e; 
        0984:              2a00898e001535cd; 
        0985:              001535cd0040c1ce; 
        0986:              0040e18c2a008d8c; 
        0987:              0015018f0015358c; 
        0988:              2a00398d28bfb2cc; 
        0989:              0040a18c2a003d8c; 
        098a:              29bf62cc0015358c; 
        098b:              297f5acc28bf62cc; 
        098c:              001501902a7f5acc; 
        098d:              2a00418c28bfb2cc; 
        098e:              28bfb2cc00150191; 
        098f:              2a00958e2a00918d; 
        0990:              001535cd0040a1ce; 
        0991:              0040c1ce2a00998e; 
        0992:              2a009d8c001535cd; 
        0993:              0015358c0040e18c; 
        0994:              0010320c001c322c; 
        0995:              29bfa2cc001131ec; 
        0996:              2a00358c28bfb2cc; 
        0997:              28bfa2cc0015018e; 
        0998:              5c0009c00021398d; 
        0999:              140001ec002a0007; 
        099a:              0012b1ac03bfd58c; 
        099b:              293f62cc03c0058c; 
        099c:              001501842a3f62cc; 
        099d:              2880a0762880b061; 
        099e:              4c0000200280c063; 
        099f:              2980b06102bf4063; 
        09a0:              0280c0762980a076; 
        09a1:              29bfa2c529bfb2c4; 
        09a2:              28bf92cc29bf92c6; 
        09a3:              28bfb2cc29800180; 
        09a4:              1c00006d2880018c; 
        09a5:              288001ae288161ad; 
        09a6:              288001ad28bf92cd; 
        09a7:              001501c4001501a5; 
        09a8:              0015008c4c000181; 
        09a9:              29bf82cc03c0058c; 
        09aa:              293f7ecc28bf82cc; 
        09ab:              58000d802a3f7ecc; 
        09ac:              5000c40002bff40c; 
        09ad:              2880518c1c00006c; 
        09ae:              28bf92c62880018c; 
        09af:              0015018428bfa2c5; 
        09b0:              0015008c57fc0fff; 
        09b1:              29bf82cc03c0058c; 
        09b2:              293f7ecc28bf82cc; 
        09b3:              580019802a3f7ecc; 
        09b4:              029b80841c000044; 
        09b5:              02bffc0c57cbcbff; 
        09b6:              28bfb2cc50007800; 
        09b7:              1c00006d2880018c; 
        09b8:              288001ae28bf01ad; 
        09b9:              288001ad28bf92cd; 
        09ba:              001501c4001501a5; 
        09bb:              0015008c4c000181; 
        09bc:              29bf82cc03c0058c; 
        09bd:              293f7ecc28bf82cc; 
        09be:              58000d802a3f7ecc; 
        09bf:              50002c0002bff40c; 
        09c0:              28bdf18c1c00006c; 
        09c1:              001501842880018c; 
        09c2:              0015008c57fc5bff; 
        09c3:              0015000c58000d80; 
        09c4:              02bffc0c50000800; 
        09c5:              2880b06100150184; 
        09c6:              0280c0632880a076; 
        09c7:              02bf40634c000020; 
        09c8:              2980a0762980b061; 
        09c9:              29bf72c40280c076; 
        09ca:              02bfb2cc29bf62c5; 
        09cb:              28bf62c500150186; 
        09cc:              57fe97ff28bf72c4; 
        09cd:              001501840015008c; 
        09ce:              2880a0762880b061; 
        09cf:              4c0000200280c063; 
        09d0:              2980b07602bf4063; 
        09d1:              29bf72c40280c076; 
        09d2:              5c000d8028bf72cc; 
        09d3:              500034000280800c; 
        09d4:              50001c0029bfb2c0; 
        09d5:              0280058c28bfb2cc; 
        09d6:              28bf72cc29bfb2cc; 
        09d7:              29bf72cc0044858c; 
        09d8:              0340058c28bf72cc; 
        09d9:              28bfb2cc5bffe180; 
        09da:              2880b07600150184; 
        09db:              4c0000200280c063; 
        09dc:              2981306102bec063; 
        09dd:              0281407629812076; 
        09de:              29bf22c529bf32c4; 
        09df:              29bf02c729bf12c6; 
        09e0:              0015018602bf42cc; 
        09e1:              28bf32c428bf22c5; 
        09e2:              29bfb2c457fdebff; 
        09e3:              58000d8028bfb2cc; 
        09e4:              5005480028bfb2cc; 
        09e5:              28b9518c1c00006c; 
        09e6:              29bfa2cc2880018c; 
        09e7:              2a00a18d28bfa2cc; 
        09e8:              0040a18c2a00a58c; 
        09e9:              29bef2cc0015358c; 
        09ea:              297eeacc28bef2cc; 
        09eb:              0342018c2a7eeacc; 
        09ec:              293f9ecc0012b00c; 
        09ed:              2a00a18d28bfa2cc; 
        09ee:              0040a18c2a00a58c; 
        09ef:              29bef2cc0015358c; 
        09f0:              297eeacc28bef2cc; 
        09f1:              0340058c2a7eeacc; 
        09f2:              293f9acc0240058c; 
        09f3:              2a00398d28bfa2cc; 
        09f4:              0040a18c2a003d8c; 
        09f5:              29bef2cc0015358c; 
        09f6:              297eeacc28bef2cc; 
        09f7:              0015018d2a7eeacc; 
        09f8:              001031ac28bf42cc; 
        09f9:              28bfa2cc29bf82cc; 
        09fa:              2a003d8c2a00398d; 
        09fb:              0015358c0040a18c; 
        09fc:              28bef2cc29bef2cc; 
        09fd:              2a7eeacc297eeacc; 
        09fe:              28bf42cc0015018d; 
        09ff:              28bfa2cc001031ad; 
        0a00:              2a00958f2a00918e; 
        0a01:              001539ee0040a1ef; 
        0a02:              0040c1ef2a00998f; 
        0a03:              2a009d8c001539ee; 
        0a04:              0015398c0040e18c; 
        0a05:              29bf72cc001031ac; 
        0a06:              2a00358c28bfa2cc; 
        0a07:              57fe47ff00150184; 
        0a08:              28bef2cc29bef2c4; 
        0a09:              2a3eeacd293eeacc; 
        0a0a:              2908d58d28bf12cc; 
        0a0b:              2a00358c28bfa2cc; 
        0a0c:              0015018d02bffd8c; 
        0a0d:              2980318d28bf12cc; 
        0a0e:              2a00918d28bfa2cc; 
        0a0f:              0040a1ce2a00958e; 
        0a10:              2a00998e001535cd; 
        0a11:              001535cd0040c1ce; 
        0a12:              0040e18c2a009d8c; 
        0a13:              00409d8d0015358c; 
        0a14:              2980418d28bf12cc; 
        0a15:              2a00b18d28bfa2cc; 
        0a16:              0040a1ce2a00b58e; 
        0a17:              2a00b98e001535cd; 
        0a18:              001535cd0040c1ce; 
        0a19:              0040e18c2a00bd8c; 
        0a1a:              0015018d0015358c; 
        0a1b:              2980918d28bf12cc; 
        0a1c:              58000d802a3f9acc; 
        0a1d:              5000080028bf82cc; 
        0a1e:              28bf12cd28bf72cc; 
        0a1f:              2a3f9ecc298061ac; 
        0a20:              2a3f9acc58001d80; 
        0a21:              28bf72cc58000d80; 
        0a22:              28bf82cc50001000; 
        0a23:              0015000c50000800; 
        0a24:              298071ac28bf12cd; 
        0a25:              2a00c18d28bfa2cc; 
        0a26:              0040a18c2a00c58c; 
        0a27:              29bef2cc0015358c; 
        0a28:              297eeacc28bef2cc; 
        0a29:              0015018d2a7eeacc; 
        0a2a:              001031ad28bf42cc; 
        0a2b:              2980518d28bf12cc; 
        0a2c:              2a00398d28bfa2cc; 
        0a2d:              0040a18c2a003d8c; 
        0a2e:              29bef2cc0015358c; 
        0a2f:              297eeacc28bef2cc; 
        0a30:              0015018d2a7eeacc; 
        0a31:              001031ad28bf42cc; 
        0a32:              2a00418c28bfa2cc; 
        0a33:              28bfa2cc00150190; 
        0a34:              2a00958f2a00918e; 
        0a35:              001539ee0040a1ef; 
        0a36:              0040c1ef2a00998f; 
        0a37:              2a009d8c001539ee; 
        0a38:              0015398c0040e18c; 
        0a39:              001031ad001c320c; 
        0a3a:              2980818d28bf12cc; 
        0a3b:              2880018c28bf32cc; 
        0a3c:              28ae71ad1c00006d; 
        0a3d:              28bf12cd288001ae; 
        0a3e:              001501a5288051ad; 
        0a3f:              4c000181001501c4; 
        0a40:              03c0058c0015008c; 
        0a41:              28bef2cc29bef2cc; 
        0a42:              2a3eeacc293eeacc; 
        0a43:              02bff40c58000d80; 
        0a44:              1c00006c50024c00; 
        0a45:              2880018c28ad618c; 
        0a46:              28bf62cc29bf62cc; 
        0a47:              2a07f58e2a07f18d; 
        0a48:              001535cd0040a1ce; 
        0a49:              0040c1ce2a07f98e; 
        0a4a:              2a07fd8c001535cd; 
        0a4b:              0015358c0040e18c; 
        0a4c:              1554aa0c0015018d; 
        0a4d:              28bf62cc5c00edac; 
        0a4e:              2a00058e2a00018d; 
        0a4f:              001535cd0040a1ce; 
        0a50:              0040c1ce2a00098e; 
        0a51:              2a000d8c001535cd; 
        0a52:              0015358c0040e18c; 
        0a53:              1482c2ac0015018d; 
        0a54:              5c00b1ac0389498c; 
        0a55:              2a07918d28bf62cc; 
        0a56:              0040a1ce2a07958e; 
        0a57:              2a07998e001535cd; 
        0a58:              001535cd0040c1ce; 
        0a59:              0040e18c2a079d8c; 
        0a5a:              0015018d0015358c; 
        0a5b:              0389c98c14c282ec; 
        0a5c:              28bf62cc5c0075ac; 
        0a5d:              2a07b58e2a07b18d; 
        0a5e:              001535cd0040a1ce; 
        0a5f:              0040c1ce2a07b98e; 
        0a60:              2a07bd8c001535cd; 
        0a61:              0015358c0040e18c; 
        0a62:              02bffc0c0015018d; 
        0a63:              28bf62cc58003dac; 
        0a64:              2a07a58e2a07a18d; 
        0a65:              001535cd0040a1ce; 
        0a66:              0040c1ce2a07a98e; 
        0a67:              2a07ad8c001535cd; 
        0a68:              0015358c0040e18c; 
        0a69:              02bffc0c0015018d; 
        0a6a:              02bffc0c5c000dac; 
        0a6b:              28bf62cc50011400; 
        0a6c:              2a07b58e2a07b18d; 
        0a6d:              001535cd0040a1ce; 
        0a6e:              0040c1ce2a07b98e; 
        0a6f:              2a07bd8c001535cd; 
        0a70:              0015358c0040e18c; 
        0a71:              28bf12cc0015018d; 
        0a72:              28bf62cc2980a18d; 
        0a73:              2a07a58e2a07a18d; 
        0a74:              001535cd0040a1ce; 
        0a75:              0040c1ce2a07a98e; 
        0a76:              2a07ad8c001535cd; 
        0a77:              0015358c0040e18c; 
        0a78:              28bf12cc0015018d; 
        0a79:              28bf02c42980b18d; 
        0a7a:              29bf52c457ba0bff; 
        0a7b:              0280800c28bf52cd; 
        0a7c:              02bff00c6c000d8d; 
        0a7d:              28bf12cc50008400; 
        0a7e:              28bf52cd0288dd8c; 
        0a7f:              28bf02c5001501a6; 
        0a80:              57b84fff00150184; 
        0a81:              29bef2cc28bf52cc; 
        0a82:              293eeacc28bef2cc; 
        0a83:              28bf12cc2a3eeacd; 
        0a84:              28bf12cc2908d98d; 
        0a85:              288001ae28bf32cd; 
        0a86:              288011ad2980118e; 
        0a87:              28bf12cc2980218d; 
        0a88:              1c00006c2980c180; 
        0a89:              2880018d02ae818c; 
        0a8a:              2980018d28bf12cc; 
        0a8b:              02ae318c1c00006c; 
        0a8c:              2980018d28bf12cd; 
        0a8d:              001501840015000c; 
        0a8e:              2881207628813061; 
        0a8f:              4c00002002814063; 
        0a90:              2980b06102bf4063; 
        0a91:              0280c0762980a076; 
        0a92:              1c00006c29bf72c4; 
        0a93:              29bfb2cc02ad418c; 
        0a94:              28bfb2cc50001000; 
        0a95:              29bfb2cc2880018c; 
        0a96:              2880018c28bfb2cc; 
        0a97:              28bfb2cc58001580; 
        0a98:              28bf72cd2880018c; 
        0a99:              28bfb2cc5fffddac; 
        0a9a:              5c000d802880018c; 
        0a9b:              5000200002bff00c; 
        0a9c:              2880018d28bf72cc; 
        0a9d:              2980018d28bfb2cc; 
        0a9e:              57d353ff28bf72c4; 
        0a9f:              001501840015008c; 
        0aa0:              2880a0762880b061; 
        0aa1:              4c0000200280c063; 
        0aa2:              2980706102bf8063; 
        0aa3:              0280807629806076; 
        0aa4:              28bfb2c429bfb2c4; 
        0aa5:              0015008c57d31fff; 
        0aa6:              2880706100150184; 
        0aa7:              0280806328806076; 
        0aa8:              02bec0634c000020; 
        0aa9:              2981207629813061; 
        0aaa:              29bef2c402814076; 
        0aab:              02bf32ce29bee2c5; 
        0aac:              02bf52cc02bef2cd; 
        0aad:              001501a5001501c6; 
        0aae:              57ea17ff00150184; 
        0aaf:              28bfb2cc29bfb2c4; 
        0ab0:              28bfb2cc58000d80; 
        0ab1:              28bef2cc50006400; 
        0ab2:              57cb2fff00150184; 
        0ab3:              28bfa2cc29bfa2c4; 
        0ab4:              02bfec0c58000d80; 
        0ab5:              28bf52cc50004400; 
        0ab6:              001501a528bf32cd; 
        0ab7:              57d0afff00150184; 
        0ab8:              29bf72cc0015008c; 
        0ab9:              29bf82cc28bf32cc; 
        0aba:              297f92cc2a7f42cc; 
        0abb:              28bee2c502bf52cc; 
        0abc:              5414f00000150184; 
        0abd:              001501840015008c; 
        0abe:              2881207628813061; 
        0abf:              4c00002002814063; 
        0ac0:              2981706102be8063; 
        0ac1:              0281807629816076; 
        0ac2:              02bf22ce29beb2c4; 
        0ac3:              02bf42cc02beb2cd; 
        0ac4:              001501a5001501c6; 
        0ac5:              57e95fff00150184; 
        0ac6:              28bfb2cc29bfb2c4; 
        0ac7:              28bfb2cc58000d80; 
        0ac8:              02bf42cc5001c000; 
        0ac9:              57e89bff00150184; 
        0aca:              58000d800015008c; 
        0acb:              5001a40002bfe40c; 
        0acc:              0015018402bf42cc; 
        0acd:              29bfa2c457ddb7ff; 
        0ace:              57deabff28bfa2c4; 
        0acf:              28bfa2cc29bf92c4; 
        0ad0:              0340358c2a002d8c; 
        0ad1:              02bfe40c58000d80; 
        0ad2:              28bfa2cc50017000; 
        0ad3:              0340418c2a002d8c; 
        0ad4:              28bf42d058010580; 
        0ad5:              28bf62ce28bf52cf; 
        0ad6:              28bf82cc28bf72cd; 
        0ad7:              29bee2cf29bed2d0; 
        0ad8:              29bf02cd29bef2ce; 
        0ad9:              28bfa2c429bf12cc; 
        0ada:              0015008c57de4fff; 
        0adb:              0015018502bed2cd; 
        0adc:              57daa3ff001501a4; 
        0add:              0280080502bed2cc; 
        0ade:              57dc0fff00150184; 
        0adf:              28bfb2cc29bfb2c4; 
        0ae0:              28bfb2cc58000d80; 
        0ae1:              28bed2cc5000f800; 
        0ae2:              001501a528bf02cd; 
        0ae3:              57d083ff00150184; 
        0ae4:              28bfb2cc29bfb2c4; 
        0ae5:              28bfb2cc58000d80; 
        0ae6:              02bed2cc5000d000; 
        0ae7:              57dce3ff00150184; 
        0ae8:              28bfa2c429bfa2c4; 
        0ae9:              0015008c57dd0fff; 
        0aea:              28bfa2c45c005180; 
        0aeb:              0015008c57dd33ff; 
        0aec:              29bea2cc03c0058c; 
        0aed:              293e9ecc28bea2cc; 
        0aee:              58000d802a3e9ecc; 
        0aef:              5000840002bfe40c; 
        0af0:              0015018402bed2cc; 
        0af1:              29bfb2c457da5bff; 
        0af2:              5bff798028bfb2cc; 
        0af3:              5000640028bfb2cc; 
        0af4:              28bf42cc03400000; 
        0af5:              0015018428bf92c5; 
        0af6:              29bfb2c457d55bff; 
        0af7:              58000d8028bfb2cc; 
        0af8:              50003c0028bfb2cc; 
        0af9:              02bf42cc02bf22cd; 
        0afa:              00150184001501a5; 
        0afb:              29bfb2c457e98bff; 
        0afc:              58000d8028bfb2cc; 
        0afd:              5000140028bfb2cc; 
        0afe:              0015018428bf42cc; 
        0aff:              0015008c57d04fff; 
        0b00:              2881706100150184; 
        0b01:              0281806328816076; 
        0b02:              02bec0634c000020; 
        0b03:              2981207629813061; 
        0b04:              29bef2c402814076; 
        0b05:              001500cc29bee2c5; 
        0b06:              29bf42c0293edecc; 
        0b07:              02bf42cc02bee2cd; 
        0b08:              001501a500150006; 
        0b09:              57e73fff00150184; 
        0b0a:              28bfb2cc29bfb2c4; 
        0b0b:              28bfb2cd58001980; 
        0b0c:              58000dac02bfe80c; 
        0b0d:              5001c80028bfb2cc; 
        0b0e:              02bfe80c28bfb2cd; 
        0b0f:              2a3edecc5c0099ac; 
        0b10:              5c000d800340418c; 
        0b11:              5001a80002bfe40c; 
        0b12:              0015018428bee2cc; 
        0b13:              29bfa2c457c88fff; 
        0b14:              5c000d8028bfa2cc; 
        0b15:              5001880002bfec0c; 
        0b16:              02bf32cd28bf42cc; 
        0b17:              00150184001501a5; 
        0b18:              29bfb2c457d72fff; 
        0b19:              58000d8028bfb2cc; 
        0b1a:              5001600028bfb2cc; 
        0b1b:              28bf32cd28bee2cc; 
        0b1c:              001501a802bf42ce; 
        0b1d:              28bfa2c602808007; 
        0b1e:              001501c400150185; 
        0b1f:              29bfb2c457e9abff; 
        0b20:              58000d8028bfb2cc; 
        0b21:              5001280028bfb2cc; 
        0b22:              0015018402bf42cc; 
        0b23:              29bf92c457db07ff; 
        0b24:              28bef2cc28bf42cd; 
        0b25:              28bf72cd2980018d; 
        0b26:              2980118d28bef2cc; 
        0b27:              28bef2cc2a7f82cd; 
        0b28:              28bf92c42940718d; 
        0b29:              0015008d57dbd7ff; 
        0b2a:              2980218d28bef2cc; 
        0b2b:              2880218d28bef2cc; 
        0b2c:              2980318d28bef2cc; 
        0b2d:              02bffc0d28bef2cc; 
        0b2e:              28bef2cc2980418d; 
        0b2f:              28bf92cc29806180; 
        0b30:              28bef2cc2a002d8d; 
        0b31:              28bf92cc2900798d; 
        0b32:              2a00758e2a00718d; 
        0b33:              001535cd0040a1ce; 
        0b34:              0040c1ce2a00798e; 
        0b35:              2a007d8c001535cd; 
        0b36:              0015358c0040e18c; 
        0b37:              28bef2cc0015018d; 
        0b38:              28bef2cc2980518d; 
        0b39:              29007d8d2a3edecd; 
        0b3a:              2880518c28bef2cc; 
        0b3b:              2a3edecc58003d80; 
        0b3c:              580031800340218c; 
        0b3d:              2980518028bef2cc; 
        0b3e:              2a007d8c28bef2cc; 
        0b3f:              29bec2cc0381018c; 
        0b40:              293edacc28bec2cc; 
        0b41:              28bef2cc2a3edacd; 
        0b42:              2a3edecc29007d8d; 
        0b43:              0340098c0048858c; 
        0b44:              0015000500150186; 
        0b45:              54038c0028bef2c4; 
        0b46:              001501840015008c; 
        0b47:              2881207628813061; 
        0b48:              4c00002002814063; 
        0b49:              2980706102bf8063; 
        0b4a:              0280807629806076; 
        0b4b:              28bfb2cc29bfb2c4; 
        0b4c:              5c000d802880018c; 
        0b4d:              5000100002bff00c; 
        0b4e:              5406fc0028bfb2c4; 
        0b4f:              001501840015008c; 
        0b50:              2880607628807061; 
        0b51:              4c00002002808063; 
        0b52:              2980f06102bf0063; 
        0b53:              028100762980e076; 
        0b54:              29bf62c529bf72c4; 
        0b55:              29bf42c729bf52c6; 
        0b56:              2980018028bf42cc; 
        0b57:              29bfb2cc28bf62cc; 
        0b58:              2880018c28bf72cc; 
        0b59:              02bff00c5c000d80; 
        0b5a:              28bf72cc50013400; 
        0b5b:              0340098c2a007d8c; 
        0b5c:              02bfe40c5c000d80; 
        0b5d:              28bf72cc50011c00; 
        0b5e:              0380818c2a007d8c; 
        0b5f:              28bf32cc29bf32cc; 
        0b60:              2a3f2ecd293f2ecc; 
        0b61:              29007d8d28bf72cc; 
        0b62:              28bf72cc5000d400; 
        0b63:              0347fd8c2880618c; 
        0b64:              28bf72cc29bfa2cc; 
        0b65:              28bf72cc2880518d; 
        0b66:              001131ae2880618c; 
        0b67:              28bfa2cc0288000d; 
        0b68:              0015018d001131ac; 
        0b69:              6c0009ac001501cc; 
        0b6a:              28bf52cd001501ac; 
        0b6b:              001501ac6c0009ac; 
        0b6c:              28bf72cc29bf92cc; 
        0b6d:              28bfa2cc0280818d; 
        0b6e:              28bf92cd001031ac; 
        0b6f:              00150185001501a6; 
        0b70:              57b0cfff28bfb2c4; 
        0b71:              2880018d28bf42cc; 
        0b72:              001031ad28bf92cc; 
        0b73:              2980018d28bf42cc; 
        0b74:              28bfb2cd28bf92cc; 
        0b75:              29bfb2cc001031ac; 
        0b76:              28bf92cc28bf52cd; 
        0b77:              29bf52cc001131ac; 
        0b78:              28bf92c502800406; 
        0b79:              5401ec0028bf72c4; 
        0b7a:              28bf82cc29bf82c4; 
        0b7b:              28bf82cc58000d80; 
        0b7c:              28bf52cc50002400; 
        0b7d:              28bf72cc58001980; 
        0b7e:              28bf72cc2880618d; 
        0b7f:              6bff19ac2880518c; 
        0b80:              001501840015000c; 
        0b81:              2880e0762880f061; 
        0b82:              4c00002002810063; 
        0b83:              2981306102bec063; 
        0b84:              0281407629812076; 
        0b85:              29bf22c529bf32c4; 
        0b86:              29bf02c729bf12c6; 
        0b87:              28bf22cc29bfa2c0; 
        0b88:              28bf02cc29bfb2cc; 
        0b89:              28bf32cc29800180; 
        0b8a:              5c000d802880018c; 
        0b8b:              5001480002bff00c; 
        0b8c:              2a007d8c28bf32cc; 
        0b8d:              5c000d800340058c; 
        0b8e:              5001300002bfe40c; 
        0b8f:              2a007d8c28bf32cc; 
        0b90:              29bef2cc0381818c; 
        0b91:              293eeecc28bef2cc; 
        0b92:              28bf32cc2a3eeecd; 
        0b93:              5000d00029007d8d; 
        0b94:              2880618c28bf32cc; 
        0b95:              29bf92cc0347fd8c; 
        0b96:              28bf92cc0288000d; 
        0b97:              28bf12cc001131ad; 
        0b98:              001501ac640009ac; 
        0b99:              28bf32cc29bf82cc; 
        0b9a:              28bf92cc0280818d; 
        0b9b:              28bf82cd001031ac; 
        0b9c:              28bfb2c5001501a6; 
        0b9d:              57af67ff00150184; 
        0b9e:              2a007d8d28bf32cc; 
        0b9f:              001531ac02be000c; 
        0ba0:              28bef2cc29bef2cc; 
        0ba1:              2a3eeecd293eeecc; 
        0ba2:              29007d8d28bf32cc; 
        0ba3:              2880018d28bf02cc; 
        0ba4:              001031ad28bf82cc; 
        0ba5:              2980018d28bf02cc; 
        0ba6:              28bfb2cd28bf82cc; 
        0ba7:              29bfb2cc001031ac; 
        0ba8:              28bf82cc28bf12cd; 
        0ba9:              29bf12cc001131ac; 
        0baa:              28bf82c502800406; 
        0bab:              54005c0028bf32c4; 
        0bac:              28bf72cc29bf72c4; 
        0bad:              28bf12cc5c001180; 
        0bae:              500008005fff3180; 
        0baf:              28bf32cc03400000; 
        0bb0:              28bf32cc2880618d; 
        0bb1:              6c00158d2880518c; 
        0bb2:              2880618d28bf32cc; 
        0bb3:              2980518d28bf32cc; 
        0bb4:              0015018428bfa2cc; 
        0bb5:              2881207628813061; 
        0bb6:              4c00002002814063; 
        0bb7:              2981706102be8063; 
        0bb8:              0281807629816076; 
        0bb9:              29bee2c529bef2c4; 
        0bba:              28bef2cc29bed2c6; 
        0bbb:              29bf72cc2880418c; 
        0bbc:              0015000d0015000c; 
        0bbd:              29bfb2cd29bfa2cc; 
        0bbe:              2880018c28bef2cc; 
        0bbf:              02bff00c5c000d80; 
        0bc0:              28bed2cd50035c00; 
        0bc1:              58002dac0280040c; 
        0bc2:              0280080c28bed2cd; 
        0bc3:              28bed2cc580035ac; 
        0bc4:              0015000c5c004180; 
        0bc5:              29bfa2cc0015000d; 
        0bc6:              50002c0029bfb2cd; 
        0bc7:              2880618c28bef2cc; 
        0bc8:              29bfb2c029bfa2cc; 
        0bc9:              28bef2cc50001800; 
        0bca:              29bfa2cc2880518c; 
        0bcb:              0340000029bfb2c0; 
        0bcc:              0015019028bee2cc; 
        0bcd:              001501910048fd8c; 
        0bce:              28bfb2cf28bfa2ce; 
        0bcf:              00150192001041cc; 
        0bd0:              001045ed0012ba52; 
        0bd1:              001501cd0010364e; 
        0bd2:              29bfb2cd29bfa2cc; 
        0bd3:              6000758028bfb2cc; 
        0bd4:              60006c0c28bfb2cc; 
        0bd5:              29bf62cc28bfa2cc; 
        0bd6:              2880018c28bef2cc; 
        0bd7:              0015018d2a08d58c; 
        0bd8:              0017358c0288000c; 
        0bd9:              28bf62ce29bf52cc; 
        0bda:              002135cc28bf52cd; 
        0bdb:              002a00075c0009a0; 
        0bdc:              28bef2cc29bf42cc; 
        0bdd:              28bf52cd2880618e; 
        0bde:              5c0009a0002135cc; 
        0bdf:              29bf92cc002a0007; 
        0be0:              28bf92cc28bf42cd; 
        0be1:              50000c006c0055ac; 
        0be2:              5002480002bfe80c; 
        0be3:              2880218d28bef2cc; 
        0be4:              2980318d28bef2cc; 
        0be5:              2880018d28bef2cc; 
        0be6:              2880218c28bef2cc; 
        0be7:              001501a400150185; 
        0be8:              0015008d57c76fff; 
        0be9:              2980418d28bef2cc; 
        0bea:              2980618028bef2cc; 
        0beb:              29bf82c029bf92c0; 
        0bec:              28bef2cc5000b400; 
        0bed:              28bef2cc2880018d; 
        0bee:              02bf1ecf2880318c; 
        0bef:              001501e702bf22ce; 
        0bf0:              00150185001501c6; 
        0bf1:              57cab7ff001501a4; 
        0bf2:              28bf32cc29bf32c4; 
        0bf3:              28bf32cc58000d80; 
        0bf4:              2a3f1ecc5001bc00; 
        0bf5:              58000d800340258c; 
        0bf6:              5001a80002bff80c; 
        0bf7:              0340118c2a3f1ecc; 
        0bf8:              28bef2cc58003d80; 
        0bf9:              28bef2cc2880018d; 
        0bfa:              02bf22ce2880318c; 
        0bfb:              00150185001501c6; 
        0bfc:              57ce1bff001501a4; 
        0bfd:              28bf32cc29bf32c4; 
        0bfe:              28bf32cc58000d80; 
        0bff:              28bf22cd50016400; 
        0c00:              2980318d28bef2cc; 
        0c01:              0280058c28bf82cc; 
        0c02:              28bf42cd29bf82cc; 
        0c03:              001131ad28bf92cc; 
        0c04:              6bff418d28bf82cc; 
        0c05:              2880018d28bef2cc; 
        0c06:              2880318c28bef2cc; 
        0c07:              001501a400150185; 
        0c08:              0015008e57c66fff; 
        0c09:              0044a58d28bf62cc; 
        0c0a:              2880018c28bef2cc; 
        0c0b:              0014b1ac2880318c; 
        0c0c:              28bef2cc001031cd; 
        0c0d:              28bef2cc2980418d; 
        0c0e:              2980618d28bf62cd; 
        0c0f:              2880418c28bef2cc; 
        0c10:              5800d5ac28bf72cd; 
        0c11:              2a007d8c28bef2cc; 
        0c12:              28bec2cc29bec2cc; 
        0c13:              283ebecc293ebecc; 
        0c14:              28bef2cc64006d80; 
        0c15:              2880218c2880018c; 
        0c16:              028081ad28bef2cd; 
        0c17:              001501a428bf72c5; 
        0c18:              0015008c4c000181; 
        0c19:              29bec2cc03c0058c; 
        0c1a:              293ebecc28bec2cc; 
        0c1b:              58000d802a3ebecc; 
        0c1c:              5000780002bff40c; 
        0c1d:              2a007d8c28bef2cc; 
        0c1e:              29bec2cc0341fd8c; 
        0c1f:              293ebecc28bec2cc; 
        0c20:              28bef2cc2a3ebecd; 
        0c21:              28bef2cc29007d8d; 
        0c22:              2880118c2880018c; 
        0c23:              028081ae28bef2cd; 
        0c24:              288041ad28bef2cd; 
        0c25:              001501c4001501a5; 
        0c26:              0015008c4c000181; 
        0c27:              29bec2cc03c0058c; 
        0c28:              293ebecc28bec2cc; 
        0c29:              58000d802a3ebecc; 
        0c2a:              5000080002bff40c; 
        0c2b:              001501840015000c; 
        0c2c:              2881607628817061; 
        0c2d:              4c00002002818063; 
        0c2e:              2980b06102bf4063; 
        0c2f:              0280c0762980a076; 
        0c30:              28bf72cc29bf72c4; 
        0c31:              5c000d802880018c; 
        0c32:              5002f40002bff00c; 
        0c33:              2880018c28bf72cc; 
        0c34:              28bf72cd2880218c; 
        0c35:              28bf72cd028081ae; 
        0c36:              001501a5288041ad; 
        0c37:              4c000181001501c4; 
        0c38:              03c0058c0015008c; 
        0c39:              28bf62cc29bf62cc; 
        0c3a:              2a3f5acc293f5acc; 
        0c3b:              02bff40c58000d80; 
        0c3c:              28bf72cc5002a800; 
        0c3d:              0341818c2a007d8c; 
        0c3e:              28bf72cc58024980; 
        0c3f:              28bf72cc2880018d; 
        0c40:              001501852880118c; 
        0c41:              57c593ff001501a4; 
        0c42:              28bfb2cc29bfb2c4; 
        0c43:              28bfb2cc58000d80; 
        0c44:              28bf72cc50026800; 
        0c45:              0280d18c2880018c; 
        0c46:              2a4071ad28bf72cd; 
        0c47:              29bfa2cc0010358c; 
        0c48:              2880018c28bf72cc; 
        0c49:              28bf72cc2a08d18d; 
        0c4a:              038005ad2880018c; 
        0c4b:              28bf62cd29bf62cd; 
        0c4c:              2a3f5acd293f5acd; 
        0c4d:              02bf92cd2908d18d; 
        0c4e:              001501a502bf9acc; 
        0c4f:              57c197ff00150184; 
        0c50:              2a007d8c28bf72cc; 
        0c51:              580055800340818c; 
        0c52:              28bfa2cc2a7f9acd; 
        0c53:              2a00498e0343fdb0; 
        0c54:              001501cf034001ce; 
        0c55:              001539ee0015020e; 
        0c56:              0044a1ad2900498e; 
        0c57:              28bf62cd29bf62cd; 
        0c58:              2a7f5acf297f5acd; 
        0c59:              034001ad2a004d8d; 
        0c5a:              001501ed001501ae; 
        0c5b:              29004d8d001535cd; 
        0c5c:              2a007d8c28bf72cc; 
        0c5d:              58014d800341018c; 
        0c5e:              2a002d8c28bfa2cc; 
        0c5f:              29bf62cc0380818c; 
        0c60:              293f5acc28bf62cc; 
        0c61:              28bfa2cc2a3f5acd; 
        0c62:              28bf72cc29002d8d; 
        0c63:              28bfa2cc2880518d; 
        0c64:              2a00718e0343fdb0; 
        0c65:              001501cf034001ce; 
        0c66:              001539ee0015020e; 
        0c67:              0044a1ae2900718e; 
        0c68:              2a00758e0343fdd0; 
        0c69:              001501cf034001ce; 
        0c6a:              001539ee0015020e; 
        0c6b:              0044c1ae2900758e; 
        0c6c:              2a00798e0343fdd0; 
        0c6d:              001501cf034001ce; 
        0c6e:              001539ee0015020e; 
        0c6f:              0044e1af2900798e; 
        0c70:              034001ad2a007d8d; 
        0c71:              001501ed001501ae; 
        0c72:              29007d8d001535cd; 
        0c73:              28bfa2cc2a7f9acd; 
        0c74:              2a00618e0343fdb0; 
        0c75:              001501cf034001ce; 
        0c76:              001539ee0015020e; 
        0c77:              0044a1ad2900618e; 
        0c78:              28bf62cd29bf62cd; 
        0c79:              2a7f5acf297f5acd; 
        0c7a:              034001ad2a00658d; 
        0c7b:              001501ed001501ae; 
        0c7c:              2900658d001535cd; 
        0c7d:              28bfa2cc2a7f92cd; 
        0c7e:              2a00598e0343fdb0; 
        0c7f:              001501cf034001ce; 
        0c80:              001539ee0015020e; 
        0c81:              0044a1ad2900598e; 
        0c82:              28bf62cd29bf62cd; 
        0c83:              2a7f5acf297f5acd; 
        0c84:              034001ad2a005d8d; 
        0c85:              001501ed001501ae; 
        0c86:              29005d8d001535cd; 
        0c87:              2880018c28bf72cc; 
        0c88:              57c403ff00150184; 
        0c89:              28bfb2cc29bfb2c4; 
        0c8a:              28bfb2cc58000d80; 
        0c8b:              28bf72cc50003000; 
        0c8c:              02be7c0c2a007d8d; 
        0c8d:              29bf62cc0014b1ac; 
        0c8e:              293f5acc28bf62cc; 
        0c8f:              28bf72cc2a3f5acd; 
        0c90:              0015000c29007d8d; 
        0c91:              2880b06100150184; 
        0c92:              0280c0632880a076; 
        0c93:              02bf00634c000020; 
        0c94:              2980e0762980f061; 
        0c95:              028100762980d077; 
        0c96:              29bf22c529bf32c4; 
        0c97:              0015000602bf22cc; 
        0c98:              28bf32c400150185; 
        0c99:              29bfa2c457dac3ff; 
        0c9a:              02bfe80c28bfa2cd; 
        0c9b:              28bfa2cc58000dac; 
        0c9c:              28bf22cc50050000; 
        0c9d:              57bc3bff00150184; 
        0c9e:              28bf92cc29bf92c4; 
        0c9f:              02bfec0c5c000d80; 
        0ca0:              28bf32cc5004e000; 
        0ca1:              02bf72cd2880018c; 
        0ca2:              00150184001501a5; 
        0ca3:              29bfa2c457cad7ff; 
        0ca4:              58000d8028bfa2cc; 
        0ca5:              5004b40028bfa2cc; 
        0ca6:              2880018c28bf32cc; 
        0ca7:              001501a528bf72cd; 
        0ca8:              57caebff00150184; 
        0ca9:              28bfa2cc29bfa2c4; 
        0caa:              28bfa2cc58000d80; 
        0cab:              02bf62cd50048800; 
        0cac:              001501a502bf6acc; 
        0cad:              57bea7ff00150184; 
        0cae:              2880019728bf32cc; 
        0caf:              2880018c28bf32cc; 
        0cb0:              001501a528bf72cd; 
        0cb1:              57c123ff00150184; 
        0cb2:              001501850015008c; 
        0cb3:              57c203ff001502e4; 
        0cb4:              28bfa2cc29bfa2c4; 
        0cb5:              28bfa2cc58000d80; 
        0cb6:              28bf32cc50043000; 
        0cb7:              0280d18c2880018c; 
        0cb8:              28bf32cc29bf82cc; 
        0cb9:              2a08d18d2880018c; 
        0cba:              2880018c28bf32cc; 
        0cbb:              29bf12cd038005ad; 
        0cbc:              293f0acd28bf12cd; 
        0cbd:              2908d18d2a3f0acd; 
        0cbe:              02802c0628bf82cc; 
        0cbf:              0015018402808005; 
        0cc0:              28bf82cc57a6cfff; 
        0cc1:              2900018d0280b80d; 
        0cc2:              0280400d28bf82cc; 
        0cc3:              28bf72cc29002d8d; 
        0cc4:              29bf12cc0044c18c; 
        0cc5:              297f0acc28bf12cc; 
        0cc6:              28bf82cc2a7f0acd; 
        0cc7:              2a00518e0343fdb0; 
        0cc8:              001501cf034001ce; 
        0cc9:              001539ee0015020e; 
        0cca:              0044a1ad2900518e; 
        0ccb:              28bf12cd29bf12cd; 
        0ccc:              2a7f0acf297f0acd; 
        0ccd:              034001ad2a00558d; 
        0cce:              001501ed001501ae; 
        0ccf:              2900558d001535cd; 
        0cd0:              29bf12cc28bf72cc; 
        0cd1:              297f0acc28bf12cc; 
        0cd2:              28bf82cc2a7f0acd; 
        0cd3:              2a00698e0343fdb0; 
        0cd4:              001501cf034001ce; 
        0cd5:              001539ee0015020e; 
        0cd6:              0044a1ad2900698e; 
        0cd7:              28bf12cd29bf12cd; 
        0cd8:              2a7f0acf297f0acd; 
        0cd9:              034001ad2a006d8d; 
        0cda:              001501ed001501ae; 
        0cdb:              29006d8d001535cd; 
        0cdc:              28bf82cc2a7f6acd; 
        0cdd:              2a00418e0343fdb0; 
        0cde:              001501cf034001ce; 
        0cdf:              001539ee0015020e; 
        0ce0:              0044a1ad2900418e; 
        0ce1:              28bf12cd29bf12cd; 
        0ce2:              2a7f0acf297f0acd; 
        0ce3:              034001ad2a00458d; 
        0ce4:              001501ed001501ae; 
        0ce5:              2900458d001535cd; 
        0ce6:              28bf82cc2a7f62cd; 
        0ce7:              2a00398e0343fdb0; 
        0ce8:              001501cf034001ce; 
        0ce9:              001539ee0015020e; 
        0cea:              0044a1ad2900398e; 
        0ceb:              28bf12cd29bf12cd; 
        0cec:              2a7f0acf297f0acd; 
        0ced:              034001ad2a003d8d; 
        0cee:              001501ed001501ae; 
        0cef:              29003d8d001535cd; 
        0cf0:              28bf82cc2a7f6acd; 
        0cf1:              2a00618e0343fdb0; 
        0cf2:              001501cf034001ce; 
        0cf3:              001539ee0015020e; 
        0cf4:              0044a1ad2900618e; 
        0cf5:              28bf12cd29bf12cd; 
        0cf6:              2a7f0acf297f0acd; 
        0cf7:              034001ad2a00658d; 
        0cf8:              001501ed001501ae; 
        0cf9:              2900658d001535cd; 
        0cfa:              28bf82cc2a7f62cd; 
        0cfb:              2a00598e0343fdb0; 
        0cfc:              001501cf034001ce; 
        0cfd:              001539ee0015020e; 
        0cfe:              0044a1ad2900598e; 
        0cff:              28bf12cd29bf12cd; 
        0d00:              2a7f0acf297f0acd; 
        0d01:              034001ad2a005d8d; 
        0d02:              001501ed001501ae; 
        0d03:              29005d8d001535cd; 
        0d04:              28bf82cc2a7f6acd; 
        0d05:              2a00498e0343fdb0; 
        0d06:              001501cf034001ce; 
        0d07:              001539ee0015020e; 
        0d08:              0044a1ad2900498e; 
        0d09:              28bf12cd29bf12cd; 
        0d0a:              2a7f0acf297f0acd; 
        0d0b:              034001ad2a004d8d; 
        0d0c:              001501ed001501ae; 
        0d0d:              29004d8d001535cd; 
        0d0e:              2880118c28bf32cc; 
        0d0f:              28bf32cc29bfb2cc; 
        0d10:              2880918c2880018c; 
        0d11:              5c0009ac28bfb2cd; 
        0d12:              28bf82cc29bfb2c0; 
        0d13:              028080060280818c; 
        0d14:              0015018428bf82c5; 
        0d15:              28bf82cc57a3abff; 
        0d16:              0280b80d0280818c; 
        0d17:              28bfb2cc2900058d; 
        0d18:              28bf82cc0044c18d; 
        0d19:              29bf12cd0280818c; 
        0d1a:              297f0acd28bf12cd; 
        0d1b:              0343fdb02a7f0acd; 
        0d1c:              034001ce2a00518e; 
        0d1d:              0015020e001501cf; 
        0d1e:              2900518e001539ee; 
        0d1f:              29bf12cd0044a1ad; 
        0d20:              297f0acd28bf12cd; 
        0d21:              2a00558d2a7f0acf; 
        0d22:              001501ae034001ad; 
        0d23:              001535cd001501ed; 
        0d24:              28bf82cc2900558d; 
        0d25:              28bfb2cd0280818c; 
        0d26:              28bf12cd29bf12cd; 
        0d27:              2a7f0acd297f0acd; 
        0d28:              2a00698e0343fdb0; 
        0d29:              001501cf034001ce; 
        0d2a:              001539ee0015020e; 
        0d2b:              0044a1ad2900698e; 
        0d2c:              28bf12cd29bf12cd; 
        0d2d:              2a7f0acf297f0acd; 
        0d2e:              034001ad2a006d8d; 
        0d2f:              001501ed001501ae; 
        0d30:              29006d8d001535cd; 
        0d31:              28bf72cd28bf22cc; 
        0d32:              02804007001501a8; 
        0d33:              0015018528bf92c6; 
        0d34:              57d8ffff28bf32c4; 
        0d35:              28bfa2cc29bfa2c4; 
        0d36:              28bfa2cc58000d80; 
        0d37:              28bf72cc50002800; 
        0d38:              28bf32c400150185; 
        0d39:              28bf32cc57c7bfff; 
        0d3a:              001501842880018c; 
        0d3b:              0015008c57be6fff; 
        0d3c:              2880f06100150184; 
        0d3d:              2880d0772880e076; 
        0d3e:              4c00002002810063; 
        0d3f:              2980b06102bf4063; 
        0d40:              0280c0762980a076; 
        0d41:              29bf62c529bf72c4; 
        0d42:              0015000602bf62cc; 
        0d43:              28bf72c400150185; 
        0d44:              29bfb2c457d56bff; 
        0d45:              58000d8028bfb2cc; 
        0d46:              50008c0028bfb2cc; 
        0d47:              57d4abff28bf72c4; 
        0d48:              58000d800015008c; 
        0d49:              500074000015000c; 
        0d4a:              2880018d28bf72cc; 
        0d4b:              2880318c28bf72cc; 
        0d4c:              001501a400150185; 
        0d4d:              29bfb2c457bd37ff; 
        0d4e:              58000d8028bfb2cc; 
        0d4f:              5000440028bfb2cc; 
        0d50:              57c99bff28bf72c4; 
        0d51:              28bfa2cc29bfa2c4; 
        0d52:              0340418c2a002d8c; 
        0d53:              02bfec0c5c000d80; 
        0d54:              28bfa2c450002000; 
        0d55:              0015008c57ca77ff; 
        0d56:              28bf72c400150185; 
        0d57:              0015000c57c6cfff; 
        0d58:              2880b06100150184; 
        0d59:              0280c0632880a076; 
        0d5a:              02bf40634c000020; 
        0d5b:              2980a0762980b061; 
        0d5c:              29bf72c40280c076; 
        0d5d:              28bf72cc29bf62c5; 
        0d5e:              5c000d802880018c; 
        0d5f:              5002980002bff00c; 
        0d60:              28bfb2cc29bfb2c0; 
        0d61:              28bfb2cc58000d80; 
        0d62:              28bf72cc50028400; 
        0d63:              28bf72cc2880018d; 
        0d64:              001501852880318c; 
        0d65:              57bc73ff001501a4; 
        0d66:              28bfb2cc29bfb2c4; 
        0d67:              28bfb2cc58000d80; 
        0d68:              28bf72c450025400; 
        0d69:              29bfa2c457c8d7ff; 
        0d6a:              57c903ff28bfa2c4; 
        0d6b:              58000d800015008c; 
        0d6c:              5002300002bfe80c; 
        0d6d:              57c91fff28bfa2c4; 
        0d6e:              580015800015008c; 
        0d6f:              57c667ff28bf72c4; 
        0d70:              53ff83ff29bfb2c4; 
        0d71:              57c95bff28bfa2c4; 
        0d72:              580099800015008c; 
        0d73:              57cf23ff28bf72c4; 
        0d74:              28bfb2cc29bfb2c4; 
        0d75:              28bfb2cc58000d80; 
        0d76:              28bf72cc5001e400; 
        0d77:              28bf72cc2880018d; 
        0d78:              001501852880318c; 
        0d79:              57bbd3ff001501a4; 
        0d7a:              28bfb2cc29bfb2c4; 
        0d7b:              28bfb2cc58000d80; 
        0d7c:              28bf72c45001b400; 
        0d7d:              29bfa2c457c837ff; 
        0d7e:              57c897ff28bfa2c4; 
        0d7f:              5c0029800015008c; 
        0d80:              0015018428bfa2cc; 
        0d81:              0015008c57b5abff; 
        0d82:              1c00002c0015018d; 
        0d83:              2a00018c028f598c; 
        0d84:              02bff80c580019ac; 
        0d85:              28bfa2cc50016c00; 
        0d86:              57cbdfff00150184; 
        0d87:              0280558d28bf62cc; 
        0d88:              2884f18c1c00002c; 
        0d89:              1c00002c2880018e; 
        0d8a:              2a40018c028e718c; 
        0d8b:              001501c500150186; 
        0d8c:              579fefff001501a4; 
        0d8d:              028e018c1c00002c; 
        0d8e:              29bf52cc2a40018c; 
        0d8f:              293f4acc28bf52cc; 
        0d90:              28bf62cc2a3f4acd; 
        0d91:              28bfa2cc2904518d; 
        0d92:              2a00458c2a00418d; 
        0d93:              0015358c0040a18c; 
        0d94:              28bf52cc29bf52cc; 
        0d95:              2a7f4ace297f4acc; 
        0d96:              2a00398d28bfa2cc; 
        0d97:              0040a18c2a003d8c; 
        0d98:              29bf52cc0015358c; 
        0d99:              297f4acc28bf52cc; 
        0d9a:              28bf62cd2a7f4acc; 
        0d9b:              00150185001501a6; 
        0d9c:              57b573ff001501c4; 
        0d9d:              2a00618d28bfa2cc; 
        0d9e:              0040a18c2a00658c; 
        0d9f:              29bf52cc0015358c; 
        0da0:              297f4acc28bf52cc; 
        0da1:              28bfa2cc2a7f4ace; 
        0da2:              2a005d8c2a00598d; 
        0da3:              0015358c0040a18c; 
        0da4:              28bf52cc29bf52cc; 
        0da5:              2a7f4acd297f4acc; 
        0da6:              0280218c28bf62cc; 
        0da7:              001501a500150186; 
        0da8:              57b513ff001501c4; 
        0da9:              2a00718d28bfa2cc; 
        0daa:              0040a1ce2a00758e; 
        0dab:              2a00798e001535cd; 
        0dac:              001535cd0040c1ce; 
        0dad:              0040e18c2a007d8c; 
        0dae:              0015018d0015358c; 
        0daf:              2980418d28bf62cc; 
        0db0:              2a002d8d28bfa2cc; 
        0db1:              2900518d28bf62cc; 
        0db2:              001501840015000c; 
        0db3:              2880a0762880b061; 
        0db4:              4c0000200280c063; 
        0db5:              2980706102bf8063; 
        0db6:              0280807629806076; 
        0db7:              28bfb2cc29bfb2c4; 
        0db8:              5c000d802880018c; 
        0db9:              5000100002bff00c; 
        0dba:              57c40fff28bfb2c4; 
        0dbb:              001501840015008c; 
        0dbc:              2880607628807061; 
        0dbd:              4c00002002808063; 
        0dbe:              2980706102bf8063; 
        0dbf:              0280807629806076; 
        0dc0:              28bfb2cc29bfb2c4; 
        0dc1:              5c000d802880018c; 
        0dc2:              50001c0002bff00c; 
        0dc3:              2880118c28bfb2cc; 
        0dc4:              28bfb2c400150185; 
        0dc5:              0015000c57c2ffff; 
        0dc6:              2880706100150184; 
        0dc7:              0280806328806076; 
        0dc8:              02bf80634c000020; 
        0dc9:              0280807629807076; 
        0dca:              28bfb2cc29bfb2c4; 
        0dcb:              29bfb2cc0011300c; 
        0dcc:              6000118028bfb2cc; 
        0dcd:              0280200c28bfb2cd; 
        0dce:              1c00000c6c00118d; 
        0dcf:              50001c000298818c; 
        0dd0:              02bb41ad1c00002d; 
        0dd1:              0040898c28bfb2cc; 
        0dd2:              2880018c001031ac; 
        0dd3:              2880707600150184; 
        0dd4:              4c00002002808063; 
        0dd5:              2980707602bf8063; 
        0dd6:              29bfb2c402808076; 
        0dd7:              0280040d28bfb2cc; 
        0dd8:              28bfb2cc29000d8d; 
        0dd9:              2900118d0280040d; 
        0dda:              029ef00d28bfb2cc; 
        0ddb:              28bfb2cc2940198d; 
        0ddc:              28bfb2cc29000180; 
        0ddd:              28bfb2cc29000580; 
        0dde:              0340000029000980; 
        0ddf:              0280806328807076; 
        0de0:              000000004c000020; 
--    data:
        0de1:              0000000a20202020; 
        0de2:              7c5f202020202020; 
        0de3:              202020207c5f7c5f; 
        0de4:              202020207c5f7c5f; 
        0de5:              7c5f7c5f7c5f2020; 
        0de6:              7c5f7c5f20202020; 
        0de7:              20202020000a2020; 
        0de8:              2020202020207c5f; 
        0de9:              202020207c5f2020; 
        0dea:              20207c5f20207c5f; 
        0deb:              7c5f202020202020; 
        0dec:              000a7c5f20202020; 
        0ded:              7c5f202020202020; 
        0dee:              7c5f202020207c5f; 
        0def:              20207c5f20202020; 
        0df0:              2020202020207c5f; 
        0df1:              7c5f202020202020; 
        0df2:              20202020000a2020; 
        0df3:              7c5f202020202020; 
        0df4:              202020207c5f2020; 
        0df5:              20207c5f20207c5f; 
        0df6:              2020202020202020; 
        0df7:              000a202020207c5f; 
        0df8:              7c5f7c5f20202020; 
        0df9:              2020202020207c5f; 
        0dfa:              202020207c5f7c5f; 
        0dfb:              7c5f7c5f7c5f2020; 
        0dfc:              7c5f7c5f7c5f2020; 
        0dfd:              20202020000a7c5f; 
        0dfe:              2020202020202020; 
        0dff:              2020202020202020; 
        0e00:              5320202020202020; 
        0e01:              322d38302032434f; 
        0e02:              000a363230322d34; 
        0e03:              2020202020202020; 
        0e04:              2020202020202020; 
        0e05:              2020202020202020; 
        0e06:              64616f6c746f6f42; 
        0e07:              3020726556207265; 
        0e08:              63256325000a372e; 
        0e09:              0000000a00000000; 
        0e0a:              3332313000000020; 
        0e0b:              4241393837363534; 
        0e0c:              0000000046454443; 
        0e0d:              006e614a00207825; 
        0e0e:              0072614d00626546; 
        0e0f:              0079614d00727041; 
        0e10:              006c754a006e754a; 
        0e11:              0070655300677541; 
        0e12:              00766f4e0074634f; 
        0e13:              3a54414600636544; 
        0e14:              7461636f6c6c4120; 
        0e15:              6220323135206465; 
        0e16:              20666f2073657479; 
        0e17:              726f662070616568; 
        0e18:              61206675625f6720; 
        0e19:              0a0a782578302074; 
        0e1a:              7061654800000000; 
        0e1b:              6c6c616d5f72674d; 
        0e1c:              216c69616620636f; 
        0e1d:              5f7461660000000a; 
        0e1e:              72652065626f7270; 
        0e1f:              7469747261702072; 
        0e20:              30203a30206e6f69; 
        0e21:              000000000a782578; 
        0e22:              5f74616600004453; 
        0e23:              726520746e756f6d; 
        0e24:              0a78257830203a72; 
        0e25:              7473696c00000000; 
        0e26:              0a0a3a2044532f20; 
        0e27:              0044532f00000000; 
        0e28:              5f7269645f746166; 
        0e29:              727265206e65706f; 
        0e2a:              000a78257830203a; 
        0e2b:              207269645f746166; 
        0e2c:              7272652064616572; 
        0e2d:              000a78257830203a; 
        0e2e:              5f7269645f746166; 
        0e2f:              616572207478656e; 
        0e30:              30203a7272652064; 
        0e31:              000000000a782578; 
        0e32:              676e6964616f4c0a; 
        0e33:              206c656e72656b20; 
        0e34:              0a78756e696c6d76; 
        0e35:              2f44532f00000000; 
        0e36:              0078756e696c6d76; 
        0e37:              656c69665f746166; 
        0e38:              7265206e65706f5f; 
        0e39:              78257830203a2072; 
        0e3a:              696c6d760000000a; 
        0e3b:              20746f6e2078756e; 
        0e3c:              00000a646e756f66; 
        0e3d:              656c69665f746166; 
        0e3e:              726520646165725f; 
        0e3f:              78257830203a2072; 
        0e40:              0000002e0000000a; 
        0e41:              656c694600000a0a; 
        0e42:              25203a657a697320; 
        0e43:              6c61746f74202c64; 
        0e44:              25203a6461657220; 
        0e45:              69706f4300000a64; 
        0e46:              4453206f74206465; 
        0e47:              72617473204d4152; 
        0e48:              20746120676e6974; 
        0e49:              3030303030327830; 
        0e4a:              5f74616600000a30; 
        0e4b:              6f6c635f656c6966; 
        0e4c:              3a20727265206573; 
        0e4d:              00000a7825783020; 
        0e4e:              76206c656e72654b; 
        0e4f:              652078756e696c6d; 
        0e50:              7830203a7972746e; 
        0e51:              000000000a0a7825; 
        0e52:              6e65727275430a0a; 
        0e53:              30203d2070732074; 
        0e54:              000000000a782578; 
        0e55:              20656c62616e450a; 
        0e56:              0a0a656863616369; 
        0e57:              6d754a0a00000000; 
        0e58:              72656b206f742070; 
        0e59:              72746e65206c656e; 
        0e5a:              2578302074612079; 
        0e5b:              6e69616d000a0a78; 
        0e5c:              735f6d617264735f; 
        0e5d:              000a0a3a6b636174; 
        0e5e:              74696e49203a4453; 
        0e5f:              202020202e2e2e20; 
        0e60:              2020202020202020; 
        0e61:              2020202020202020; 
        0e62:              2020202020202020; 
        0e63:              2020202020202020; 
        0e64:              2020202020202020; 
        0e65:              5d4b4f5b00202020; 
        0e66:              4c49414600000a0a; 
        0e67:              70616548000a0a21; 
        0e68:              64657461636f6c20; 
        0e69:              4335783020746120; 
        0e6a:              73202c3030303030; 
        0e6b:              3032783020657a69; 
        0e6c:              4d32282030303030; 
        0e6d:              000000000a0a2942; 
        0e6e:              30203a4d41524453; 
        0e6f:              3030303030303278; 
        0e70:              6666357830202d20; 
        0e71:              00000a6666666666; 
        0e72:              6d203a4d41524453; 
        0e73:              65742079726f6d65; 
        0e74:              2f64616572207473; 
        0e75:              7461206574697277; 
        0e76:              7825783000000020; 
        0e77:              4c49414600000020; 
        0e78:              302072646461202c; 
        0e79:              616572202c782578; 
        0e7a:              0a0a782578302064; 
        0e7b:              2020202000000000; 
        0e7c:              2020202020202020; 
        0e7d:              2020202020202020; 
        0e7e:              2020202020202020; 
        0e7f:              000a0a5d4b4f5b20; 
        0e80:              2077656e20746553; 
        0e81:              6f74206b63617473; 
        0e82:              204d415244532070; 
        0e83:              6666666666357830; 
        0e84:              706d754a000a0a30; 
        0e85:              6e69616d206f7420; 
        0e86:              735f6d617264735f; 
        0e87:              0a0a29286b636174; 
        0e88:              6c756e2800000000; 
        0e89:              725f64730000296c; 
        0e8a:              656d697420646165; 
        0e8b:              0000000a2174756f; 
        0e8c:              2928272625242321; 
        0e8d:              7e7d7b605f5e402d; 
        0e8e:              3354414600000020; 
        0e8f:              0000000020202032; 
        0e90:              747261705f746567; 
        0e91:              6961662061626c5f; 
        0e92:              4c4c554e00000a6c; 
        0e93:              5f54414600000000; 
        0e94:              454e4f4e5f525245; 
        0e95:              5f54414600000000; 
        0e96:              41464f4e5f525245; 
        0e97:              5f54414600000054; 
        0e98:              4b4f52425f525245; 
        0e99:              5f54414600004e45; 
        0e9a:              00004f495f525245; 
        0e9b:              5f5252455f544146; 
        0e9c:              0000004d41524150; 
        0e9d:              5f5252455f544146; 
        0e9e:              0000000048544150; 
        0e9f:              5f5252455f544146; 
        0ea0:              5f54414600464f45; 
        0ea1:              494e45445f525245; 
        0ea2:              5f54414600004445; 
        0ea3:              4c4c55465f525245; 
        0ea4:              0000000000000000; 
        0ea5:              1c0070701c00706c; 
        0ea6:              1c0070781c007074; 
        0ea7:              1c0070801c00707c; 
        0ea8:              1c0070881c007084; 
        0ea9:              1c0070901c00708c; 
        0eaa:              1c0070981c007094; 
        0eab:              1c0003d81c000380; 
        0eac:              0000000000000000; 
        0ead:              0000000000000000; 
        0eae:              0000000000000000; 
        0eaf:              0000000000000000; 
        0eb0:              0000000000000000; 
        0eb1:              0000000000000000; 
        0eb2:              0000000000000000; 
        0eb3:              0000000000000000; 
        0eb4:              0000000000000000; 
        0eb5:              0000000000000000; 
        0eb6:              0000000000000000; 
        0eb7:              0000000000000000; 
        0eb8:              0000000000000000; 
        0eb9:              0000000000000000; 
        0eba:              0000000000000000; 
        0ebb:              0000000000000000; 
        0ebc:              0000000000000000; 
        0ebd:              0000000000000000; 
        0ebe:              0000000000000000; 
        0ebf:              0000000000000000; 
        0ec0:              0000000000000000; 
        0ec1:              0000000000000000; 
        0ec2:              0000000000000000; 
        0ec3:              0000000000000000; 
        0ec4:              0000000000000000; 
        0ec5:              0000000000000000; 
        0ec6:              0000000000000000; 
        0ec7:              0000000000000000; 
        0ec8:              0000000000000000; 
        0ec9:              0000000000000000; 
        0eca:              0000000000000000; 
        0ecb:              0000000000000000; 
        0ecc:              0000000000000000; 
        0ecd:              0000000000000000; 
        0ece:              0000000000000000; 
        0ecf:              0000000000000000; 
        0ed0:              0000000000000000; 
        0ed1:              0000000000000000; 
        0ed2:              0000000000000000; 
        0ed3:              0000000000000000; 
        0ed4:              0000000000000000; 
        0ed5:              0000000000000000; 
        0ed6:              0000000000000000; 
        0ed7:              0000000000000000; 
        0ed8:              0000000000000000; 
        0ed9:              0000000000000000; 
        0eda:              0000000000000000; 
        0edb:              0000000000000000; 
        0edc:              0000000000000000; 
        0edd:              0000000000000000; 
        0ede:              0000000000000000; 
        0edf:              0000000000000000; 
        0ee0:              0000000000000000; 
        0ee1:              0000000000000000; 
        0ee2:              0000000000000000; 
        0ee3:              0000000000000000; 
        0ee4:              0000000000000000; 
        0ee5:              0000000000000000; 
        0ee6:              0000000000000000; 
        0ee7:              0000000000000000; 
        0ee8:              0000000000000000; 
        0ee9:              0000000000000000; 
        0eea:              0000000000000000; 
        0eeb:              0000000000000000; 
        0eec:              0000000000000000; 
        0eed:              0000000000000000; 
        0eee:              0000000000000000; 
        0eef:              0000000000000000; 
        0ef0:              0000000000000000; 
        0ef1:              0000000000000000; 
        0ef2:              0000000000000000; 
        0ef3:              0000000000000000; 
        0ef4:              0000000000000000; 
        0ef5:              0000000000000000; 
        0ef6:              0000000000000000; 
        0ef7:              0000000000000000; 
        0ef8:              0000000000000000; 
        0ef9:              0000000000000000; 
        0efa:              0000000000000000; 
        0efb:              0000000000000000; 
        0efc:              0000000000000000; 
        0efd:              0000000000000000; 
        0efe:              0000000000000000; 
        0eff:              0000000000000000; 
        0f00:              0000000000000000; 
        0f01:              0000000000000000; 
        0f02:              0000000000000000; 
        0f03:              0000000000000000; 
        0f04:              0000000000000000; 
        0f05:              0000000000000000; 
        0f06:              0000000000000000; 
        0f07:              0000000000000000; 
        0f08:              0000000000000000; 
        0f09:              0000000000000000; 
        0f0a:              0000000000000000; 
        0f0b:              0000000000000000; 
        0f0c:              0000000000000000; 
        0f0d:              0000000000000000; 
        0f0e:              0000000000000000; 
        0f0f:              0000000000000000; 
        0f10:              0000000000000000; 
        0f11:              0000000000000000; 
        0f12:              0000000000000000; 
        0f13:              0000000000000000; 
        0f14:              0000000000000000; 
        0f15:              0000000000000000; 
        0f16:              0000000000000000; 
        0f17:              0000000000000000; 
        0f18:              0000000000000000; 
        0f19:              0000000000000000; 
        0f1a:              0000000000000000; 
        0f1b:              0000000000000000; 
        0f1c:              0000000000000000; 
        0f1d:              0000000000000000; 
        0f1e:              0000000000000000; 
        0f1f:              0000000000000000; 
        0f20:              0000000000000000; 
        0f21:              0000000000000000; 
        0f22:              0000000000000000; 
        0f23:              0000000000000000; 
        0f24:              0000000000000000; 
        0f25:              0000000000000000; 
        0f26:              0000000000000000; 
        0f27:              0000000000000000; 
        0f28:              0000000000000000; 
        0f29:              0000000000000000; 
        0f2a:              0000000000000000; 
        0f2b:              0000000000000000; 
        0f2c:              0000000000000000; 
        0f2d:              0000000000000000; 
        0f2e:              0000000000000000; 
        0f2f:              0000000000000000; 
        0f30:              0000000000000000; 
        0f31:              0000000000000000; 
        0f32:              0000000000000000; 
        0f33:              0000000000000000; 
        0f34:              0000000000000000; 
        0f35:              0000000000000000; 
        0f36:              0000000000000000; 
        0f37:              0000000000000000; 
        0f38:              0000000000000000; 
        0f39:              0000000000000000; 
        0f3a:              0000000000000000; 
        0f3b:              0000000000000000; 
        0f3c:              0000000000000000; 
        0f3d:              0000000000000000; 
        0f3e:              0000000000000000; 
        0f3f:              0000000000000000; 
        0f40:              0000000000000000; 
        0f41:              0000000000000000; 
        0f42:              0000000000000000; 
        0f43:              0000000000000000; 
        0f44:              0000000000000000; 
        0f45:              0000000000000000; 
        0f46:              0000000000000000; 
        0f47:              0000000000000000; 
        0f48:              0000000000000000; 
        0f49:              0000000000000000; 
        0f4a:              0000000000000000; 
        0f4b:              0000000000000000; 
        0f4c:              0000000000000000; 
        0f4d:              0000000000000000; 
        0f4e:              0000000000000000; 
        0f4f:              0000000000000000; 
        0f50:              0000000000000000; 
        0f51:              0000000000000000; 
        0f52:              0000000000000000; 
        0f53:              0000000000000000; 
        0f54:              0000000000000000; 
        0f55:              0000000000000000; 
        0f56:              0000000000000000; 
        0f57:              0000000000000000; 
        0f58:              0000000000000000; 
        0f59:              0000000000000000; 
        0f5a:              0000000000000000; 
        0f5b:              0000000000000000; 
        0f5c:              0000000000000000; 
        0f5d:              0000000000000000; 
        0f5e:              0000000000000000; 
        0f5f:              0000000000000000; 
        0f60:              0000000000000000; 
        0f61:              0000000000000000; 
        0f62:              0000000000000000; 
        0f63:              0000000000000000; 
        0f64:              0000000000000000; 
        0f65:              0000000000000000; 
        0f66:              0000000000000000; 
        0f67:              0000000000000000; 
        0f68:              0000000000000000; 
        0f69:              0000000000000000; 
        0f6a:              0000000000000000; 
        0f6b:              0000000000000000; 
        0f6c:              0000000000000000; 
        0f6d:              0000000000000000; 
        0f6e:              0000000000000000; 
        0f6f:              0000000000000000; 
        0f70:              0000000000000000; 
        0f71:              0000000000000000; 
        0f72:              0000000000000000; 
        0f73:              0000000000000000; 
        0f74:              0000000000000000; 
        0f75:              0000000000000000; 
        0f76:              0000000000000000; 
        0f77:              0000000000000000; 
        0f78:              0000000000000000; 
        0f79:              0000000000000000; 
        0f7a:              0000000000000000; 
        0f7b:              0000000000000000; 
        0f7c:              0000000000000000; 
        0f7d:              0000000000000000; 
        0f7e:              0000000000000000; 
        0f7f:              0000000000000000; 
        0f80:              0000000000000000; 
        0f81:              0000000000000000; 
        0f82:              0000000000000000; 
        0f83:              0000000000000000; 
        0f84:              0000000000000000; 
        0f85:              0000000000000000; 
        0f86:              0000000000000000; 
        0f87:              0000000000000000; 
        0f88:              0000000000000000; 
        0f89:              0000000000000000; 
        0f8a:              0000000000000000; 
        0f8b:              0000000000000000; 
        0f8c:              0000000000000000; 
        0f8d:              0000000000000000; 
        0f8e:              0000000000000000; 
        0f8f:              0000000000000000; 
        0f90:              0000000000000000; 
        0f91:              0000000000000000; 
        0f92:              0000000000000000; 
        0f93:              0000000000000000; 
        0f94:              0000000000000000; 
        0f95:              0000000000000000; 
        0f96:              0000000000000000; 
        0f97:              0000000000000000; 
        0f98:              0000000000000000; 
        0f99:              0000000000000000; 
        0f9a:              0000000000000000; 
        0f9b:              0000000000000000; 
        0f9c:              0000000000000000; 
        0f9d:              0000000000000000; 
        0f9e:              0000000000000000; 
        0f9f:              0000000000000000; 
        0fa0:              0000000000000000; 
        0fa1:              0000000000000000; 
        0fa2:              0000000000000000; 
        0fa3:              0000000000000000; 
        0fa4:              0000000000000000; 
        0fa5:              0000000000000000; 
        0fa6:              0000000000000000; 
        0fa7:              0000000000000000; 
        0fa8:              12100e0907050301; 
        0fa9:              0000001e1c181614; 
        0faa:              1c0074ac1c00749c; 
        0fab:              1c0074cc1c0074bc; 
        0fac:              1c0074e81c0074d8; 
        0fad:              1c0075041c0074f8; 
        0fae:              000000001c007514; 
        0faf:              1c007fec1c000040; 
        0fb0:              000000001c000968; 
        [0fb1..0FFF]  :    AABBCCDDAAAABBBB; 

END;
